id_candidato,nombre,anios_experiencia,skill_score,ingles_nivel,remoto_preferencia,resumen_cv
CAND_001,Sofía Ortega,2.5,2.2,C1,False,"Software engineer con experiencia en sistemas distribuidos y alta disponibilidad usando TypeScript, Java y prácticas DevOps."
CAND_002,Paula Rodríguez,1.0,1.0,B2,True,"Fullstack engineer apasionado por e-commerce. Trabaja con Swift, Python y bases de datos. Reconocido por su negociación."
CAND_003,Mateo Navarro,0.1,1.3,C1,True,"Desarrollador Backend Engineer con 0.1 años de experiencia en educación. Stack principal: AWS, Python, Python. Destaca por colaboración."
CAND_004,Julián Molina,2.3,4.7,B1,True,"Desarrollador Security Engineer con 2.3 años de experiencia en finanzas. Stack principal: Svelte, C#, Python. Destaca por resolución de problemas."
CAND_005,Tomás Vega,8.4,10.0,B2,True,"Technical lead con 8.4 años liderando equipos en salud. Stack técnico: Next.js, MongoDB. Promueve adaptabilidad en el equipo."
CAND_006,Samuel Castro,3.9,6.6,B1,True,"Ingeniero de software con comunicación efectiva y 3.9 años en big data. Maneja PostgreSQL, Swift y metodologías ágiles. Mentor de equipos técnicos."
CAND_007,Emilio Ruiz,0.8,2.2,C1,True,"Desarrollador frontend con trabajo en equipo. Domina Python, Docker y testing de componentes. Enfoque en accesibilidad y rendimiento."
CAND_008,Lorena Silva,4.1,4.3,B1,True,"Software engineer con experiencia en sistemas distribuidos y alta disponibilidad usando Docker, SQL Server y prácticas DevOps."
CAND_009,Juan Santos,1.7,1.0,A2,False,"QA engineer con trabajo en equipo y 1.7 años en automatización de pruebas. Experiencia con Azure, PostgreSQL y frameworks de testing."
CAND_010,Laura Paredes,2.4,3.1,C1,True,"Como Data Engineer, combino 2.4 años de experiencia con Kotlin, JavaScript para ofrecer soluciones innovadoras en e-commerce."
CAND_011,Valeria Fernández,0.4,1.0,B2,True,"Backend developer con experiencia en integración de servicios, colas de mensajería y despliegues cloud usando NestJS, Java y Docker."
CAND_012,Lucía Delgado,3.6,2.4,B1,True,"Desarrollador polivalente con empatía. Experiencia en todo el ciclo de vida del software con Kubernetes, NestJS y entrega continua."
CAND_013,David Mendoza,1.3,3.8,B2,True,"Software engineer con experiencia en sistemas distribuidos y alta disponibilidad usando Swift, MySQL y prácticas DevOps."
CAND_014,Alejandro Medina,1.6,2.9,B1,True,"Desarrollador fullstack con negociación. Experiencia en frontend moderno (SQL Server), backend escalable (Angular) y cloud."
CAND_015,Elena Ramírez,1.6,1.0,A1,True,"Ingeniero de software con liderazgo técnico y 1.6 años en logística. Maneja Svelte, Rust y metodologías ágiles. Mentor de equipos técnicos."
CAND_016,Miguel Santos,2.4,4.5,A2,True,"Fullstack engineer apasionado por salud. Trabaja con C#, PostgreSQL y bases de datos. Reconocido por su liderazgo técnico."
CAND_017,Emilio Morales,0.6,1.0,B2,True,"Frontend engineer apasionado por UX/UI con 0.6 años usando Swift, AWS y diseño responsive. Experiencia en realidad aumentada."
CAND_018,Sofía Jiménez,1.6,2.2,B1,True,"Fullstack engineer apasionado por marketing digital. Trabaja con JavaScript, TypeScript y bases de datos. Reconocido por su gestión del tiempo."
CAND_019,Lucía Aguilar,4.6,3.5,B2,True,"Especialista en seguridad informática para internet de las cosas. Implementa políticas de seguridad, pentesting y monitoreo con Redis."
CAND_020,Elena Mendoza,7.2,6.8,B2,True,"Machine Learning engineer con 7.2 años construyendo pipelines de datos y modelos predictivos para big data. Usa TypeScript, MySQL y Python."
CAND_021,Hugo Cabrera,0.9,2.3,B1,True,"Machine Learning engineer con 0.9 años construyendo pipelines de datos y modelos predictivos para logística. Usa Kafka, Svelte y Python."
CAND_022,Mateo Jiménez,2.5,3.4,B2,False,Fullstack developer con adaptabilidad y 2.5 años construyendo soluciones end-to-end con GCP en frontend y JavaScript en backend.
CAND_023,Emilio Gómez,5.9,4.3,C1,True,"Como Solutions Architect, he desarrollado una sólida experiencia en plataformas SaaS, trabajando con Python, JavaScript y destacando por mi comunicación efectiva."
CAND_024,Rocío Fernández,8.7,8.3,B2,True,"Site Reliability Engineer con experiencia en realidad aumentada. Garantiza disponibilidad y rendimiento usando Python, FastAPI y monitoreo avanzado."
CAND_025,Valentina Martínez,2.6,1.1,A2,True,"Desarrollador mobile con colaboración y experiencia en publicación de apps. Stack: Java, Svelte, CI/CD móvil."
CAND_026,Daniela Flores,3.5,4.2,B2,True,"Ingeniero de software con resolución de problemas y 3.5 años en e-commerce. Maneja Rust, AWS y metodologías ágiles. Mentor de equipos técnicos."
CAND_027,Julia Flores,1.5,1.5,B2,True,Ingeniero backend con 1.5 años construyendo sistemas escalables en ciber seguridad. Manejo avanzado de Go y React.
CAND_028,Lucía Ramírez,1.5,3.1,A2,False,"Desarrollador frontend con liderazgo técnico. Domina Docker, TypeScript y testing de componentes. Enfoque en accesibilidad y rendimiento."
CAND_029,Pedro Delgado,0.5,1.0,C1,True,"Cloud engineer certificado en AWS/Azure. Diseña arquitecturas escalables con AWS, React y Terraform."
CAND_030,Sofía Torres,0.4,2.5,B1,True,"Software engineer con experiencia en sistemas distribuidos y alta disponibilidad usando Rust, FastAPI y prácticas DevOps."
CAND_031,Verónica Herrera,1.2,2.6,C1,True,"DevOps engineer con colaboración y 1.2 años automatizando infraestructura. Stack: Next.js, Kafka, Docker, Kubernetes y CI/CD."
CAND_032,Valeria Medina,1.1,1.0,B2,True,"Desarrollador fullstack con pensamiento crítico. Experiencia en frontend moderno (Go), backend escalable (Azure) y cloud."
CAND_033,Sara Vargas,1.8,1.0,B2,False,"Security engineer con adaptabilidad. Experiencia en ciberseguridad, análisis de vulnerabilidades y DevSecOps con Python y Go."
CAND_034,Martín Vargas,6.6,7.5,A2,True,"Como Backend Engineer, combino 6.6 años de experiencia con MySQL, SQL Server para ofrecer soluciones innovadoras en salud."
CAND_035,Adriana Gómez,7.1,7.2,C1,True,"Site Reliability Engineer con experiencia en big data. Garantiza disponibilidad y rendimiento usando Kubernetes, Express.js y monitoreo avanzado."
CAND_036,Miguel Jiménez,3.1,3.3,A2,True,"Desarrollador frontend con colaboración. Domina MongoDB, Kubernetes y testing de componentes. Enfoque en accesibilidad y rendimiento."
CAND_037,Julián Rojas,1.5,1.4,C2,False,Mobile developer con 1.5 años creando apps nativas y multiplataforma con Svelte y Kotlin. Orientado a finanzas.
CAND_038,Adriana Gómez,4.8,3.9,C2,True,"Frontend engineer apasionado por UX/UI con 4.8 años usando Redis, Swift y diseño responsive. Experiencia en salud."
CAND_039,Tatiana Torres,1.6,3.9,B2,True,"Desarrollador mobile con proactividad y experiencia en publicación de apps. Stack: React, Python, CI/CD móvil."
CAND_040,Mateo Molina,2.5,3.6,B2,False,"Fullstack engineer apasionado por blockchain. Trabaja con TypeScript, Flask y bases de datos. Reconocido por su creatividad."
CAND_041,Manuela Campos,0.6,1.0,C1,True,Mobile developer con 0.6 años creando apps nativas y multiplataforma con PostgreSQL y Kotlin. Orientado a internet de las cosas.
CAND_042,Ricardo Sánchez,1.7,2.3,B1,False,"Como Software Engineer especializado en finanzas, aporto 1.7 años de experiencia, Docker, C# y liderazgo técnico."
CAND_043,Valeria Torres,4.2,4.1,B1,True,"Backend engineer con pensamiento crítico especializado en APIs REST y microservicios. Experiencia con MySQL, SQL Server y bases de datos SQL/NoSQL."
CAND_044,Sofía Paredes,0.3,1.0,C1,True,"Especializado en internet de las cosas, mi experiencia como Solutions Architect abarca Swift, SQL Server y un sólido historial de empatía."
CAND_045,Kevin Gómez,2.3,4.7,B2,True,"Mi perfil como Fullstack Developer combina 2.3 años de experiencia, Kafka, Django y un fuerte enfoque en salud."
CAND_046,Andrés Gómez,6.9,6.5,C2,False,"Mi enfoque como Product Manager se centra en realidad aumentada, con experiencia en Rust, Flask y un fuerte compromiso con la calidad y adaptabilidad."
CAND_047,Sara Santos,1.1,1.0,B1,False,"Como Data Scientist especializado en educación, aporto 1.1 años de experiencia, TypeScript, Swift y colaboración."
CAND_048,Laura Acosta,1.0,2.8,C2,True,"Site Reliability Engineer con experiencia en logística. Garantiza disponibilidad y rendimiento usando Redis, Kotlin y monitoreo avanzado."
CAND_049,Javier Fuentes,1.6,2.8,C2,True,"DevOps engineer con resolución de problemas y 1.6 años automatizando infraestructura. Stack: Kubernetes, PostgreSQL, Docker, Kubernetes y CI/CD."
CAND_050,Kevin Acosta,1.4,1.0,A2,False,"Fullstack engineer apasionado por tecnología financiera. Trabaja con PostgreSQL, Express.js y bases de datos. Reconocido por su gestión del tiempo."
CAND_051,Juan Flores,1.2,1.4,B2,True,"Cloud engineer certificado en AWS/Azure. Diseña arquitecturas escalables con AWS, Vue y Terraform."
CAND_052,Isabella Morales,6.2,5.0,C1,True,"Frontend engineer apasionado por UX/UI con 6.2 años usando Docker, Vue y diseño responsive. Experiencia en retail."
CAND_053,Ana Cortés,0.4,1.0,A1,True,Ingeniero backend con 0.4 años construyendo sistemas escalables en retail. Manejo avanzado de Next.js y Go.
CAND_054,Paula Navarro,3.9,2.6,C1,True,Ingeniero backend con 3.9 años construyendo sistemas escalables en automatización empresarial. Manejo avanzado de C# y Python.
CAND_055,Valeria Santos,1.4,1.0,C2,True,"Soy Security Engineer con 1.4 años de experiencia en big data. Stack principal: MySQL, MongoDB. Destaco por mi empatía."
CAND_056,Elena Vega,1.5,2.4,C2,False,"Como Product Manager, he desarrollado una sólida experiencia en realidad aumentada, trabajando con Docker, Java y destacando por mi creatividad."
CAND_057,Andrés Peña,4.5,4.2,A2,True,Mobile developer con 4.5 años creando apps nativas y multiplataforma con Redis y NestJS. Orientado a educación.
CAND_058,Miguel Castro,2.0,2.9,B1,True,"Backend engineer con liderazgo técnico especializado en APIs REST y microservicios. Experiencia con Python, MongoDB y bases de datos SQL/NoSQL."
CAND_059,Lorena Flores,1.7,2.1,B1,True,"Desarrollador frontend con gestión del tiempo. Domina Flask, Svelte y testing de componentes. Enfoque en accesibilidad y rendimiento."
CAND_060,Sofía Vargas,1.3,1.9,A1,True,"Ingeniero de software con negociación y 1.3 años en big data. Maneja Docker, Vue y metodologías ágiles. Mentor de equipos técnicos."
CAND_061,Luis Rojas,0.5,2.1,B2,False,"Backend engineer con trabajo en equipo especializado en APIs REST y microservicios. Experiencia con React, JavaScript y bases de datos SQL/NoSQL."
CAND_062,Pedro Martínez,1.5,1.6,C1,False,"Desarrollador mobile con comunicación efectiva y experiencia en publicación de apps. Stack: Vue, Svelte, CI/CD móvil."
CAND_063,Martín Peña,1.4,1.0,C2,True,"Ingeniero de calidad con enfoque en blockchain. Implementa pruebas unitarias, de integración y E2E con Rust y Django."
CAND_064,Ana Flores,2.1,1.6,B2,False,"Como Machine Learning Engineer, combino 2.1 años de experiencia con Kafka, React para ofrecer soluciones innovadoras en educación."
CAND_065,Natalia Cabrera,2.7,2.5,B1,True,"Como Data Engineer especializado en plataformas SaaS, aporto 2.7 años de experiencia, Flask, Swift y empatía."
CAND_066,Pablo Rojas,1.5,1.0,C1,True,"Data engineer especializado en pipelines ETL, data lakes y procesamiento en tiempo real con FastAPI, Express.js y Spark."
CAND_067,Diego Santos,4.3,7.0,C2,False,"Especialista en seguridad informática para blockchain. Implementa políticas de seguridad, pentesting y monitoreo con Kubernetes."
CAND_068,Manuela Flores,1.3,1.4,B1,True,"Frontend engineer apasionado por UX/UI con 1.3 años usando Angular, JavaScript y diseño responsive. Experiencia en salud."
CAND_069,Catalina Cortés,4.8,5.7,C1,True,"Desarrollador fullstack con proactividad. Experiencia en frontend moderno (Kubernetes), backend escalable (Docker) y cloud."
CAND_070,Ricardo Peña,2.5,1.0,B1,False,"Mi perfil como Machine Learning Engineer combina 2.5 años de experiencia, Rust, Flask y un fuerte enfoque en plataformas SaaS."
CAND_071,Samuel Aguilar,0.3,1.0,B2,False,"Ingeniero de calidad con enfoque en microservicios. Implementa pruebas unitarias, de integración y E2E con Rust y Swift."
CAND_072,Natalia Flores,1.9,2.2,B2,False,"Mi perfil como Software Engineer combina 1.9 años de experiencia, Kafka, Kubernetes y un fuerte enfoque en e-commerce."
CAND_073,Samuel Campos,5.2,3.9,A2,True,"Especialista en seguridad informática para retail. Implementa políticas de seguridad, pentesting y monitoreo con Express.js."
CAND_074,Javier Fernández,0.3,1.0,C1,True,Mobile developer con 0.3 años creando apps nativas y multiplataforma con Rust y React. Orientado a internet de las cosas.
CAND_075,Julia Reyes,3.3,4.7,C1,True,"Frontend engineer apasionado por UX/UI con 3.3 años usando Angular, Go y diseño responsive. Experiencia en blockchain."
CAND_076,Catalina Peña,2.4,3.6,A2,True,"Mi enfoque como Software Engineer se centra en internet de las cosas, con experiencia en Rust, MongoDB y un fuerte compromiso con la calidad y proactividad."
CAND_077,Valeria Jiménez,2.1,2.4,C1,False,"Desarrollador polivalente con liderazgo técnico. Experiencia en todo el ciclo de vida del software con AWS, Python y entrega continua."
CAND_078,Felipe García,1.1,1.0,B1,False,"Fullstack engineer apasionado por plataformas SaaS. Trabaja con TypeScript, GCP y bases de datos. Reconocido por su proactividad."
CAND_079,Iván Rodríguez,2.1,1.9,C1,True,"Software engineer con experiencia en sistemas distribuidos y alta disponibilidad usando SQL Server, Express.js y prácticas DevOps."
CAND_080,Paula Paredes,0.4,3.0,C1,False,"Desarrollador polivalente con colaboración. Experiencia en todo el ciclo de vida del software con JavaScript, GCP y entrega continua."
CAND_081,Claudia Torres,1.6,4.3,B1,False,"Como Solutions Architect especializado en salud, aporto 1.6 años de experiencia, NestJS, Java y creatividad."
CAND_082,Andrés Peña,2.4,3.2,B2,True,"Data engineer especializado en pipelines ETL, data lakes y procesamiento en tiempo real con FastAPI, Azure y Spark."
CAND_083,Lucía Sánchez,1.8,4.5,B2,False,Mobile developer con 1.8 años creando apps nativas y multiplataforma con Kotlin y TypeScript. Orientado a retail.
CAND_084,Catalina Morales,6.2,6.2,B1,True,"Fullstack engineer apasionado por salud. Trabaja con Redis, Kafka y bases de datos. Reconocido por su comunicación efectiva."
CAND_085,Sebastián Torres,5.7,4.6,B2,True,"Mi enfoque como Software Engineer se centra en logística, con experiencia en PostgreSQL, Flask y un fuerte compromiso con la calidad y gestión del tiempo."
CAND_086,Martín Cabrera,1.2,1.3,C2,True,"Data scientist con proactividad. Experiencia en ciber seguridad análisis de datos, feature engineering y despliegue de modelos con Azure y Redis."
CAND_087,Lorena Paredes,1.2,1.5,B2,True,"Como Data Engineer especializado en tecnología financiera, aporto 1.2 años de experiencia, MongoDB, Flask y empatía."
CAND_088,Lorena Pérez,1.7,4.7,B2,True,"Fullstack engineer apasionado por educación. Trabaja con FastAPI, Kotlin y bases de datos. Reconocido por su negociación."
CAND_089,Felipe Torres,1.0,3.1,B1,True,"Mi perfil como Data Engineer combina 1.0 años de experiencia, Next.js, SQL Server y un fuerte enfoque en internet de las cosas."
CAND_090,Martín Cabrera,1.8,1.5,C1,True,"A lo largo de mi carrera como Mobile Developer he trabajado en proyectos de tecnología financiera, utilizando tecnologías como Svelte, FastAPI y destacando por mi liderazgo técnico."
CAND_091,Andrés Fuentes,1.5,2.0,A1,False,"Desarrollador fullstack con gestión del tiempo. Experiencia en frontend moderno (Docker), backend escalable (Java) y cloud."
CAND_092,David Fuentes,2.4,1.9,C1,True,"Data engineer especializado en pipelines ETL, data lakes y procesamiento en tiempo real con SQL Server, NestJS y Spark."
CAND_093,Lorena Rivas,2.6,3.8,C2,True,"Desarrollador frontend con negociación. Domina Django, MySQL y testing de componentes. Enfoque en accesibilidad y rendimiento."
CAND_094,Verónica Campos,3.3,3.7,C1,True,"Desarrollador Technical Lead con 3.3 años de experiencia en big data. Stack principal: Kafka, Swift, Python. Destaca por negociación."
CAND_095,María López,3.7,4.3,A2,True,"Desarrollador polivalente con liderazgo técnico. Experiencia en todo el ciclo de vida del software con Angular, Django y entrega continua."
CAND_096,Adriana Cabrera,2.4,3.4,A2,False,"Desarrollador polivalente con gestión del tiempo. Experiencia en todo el ciclo de vida del software con Angular, Swift y entrega continua."
CAND_097,Mariana Rivas,1.0,2.0,B1,True,"Mi perfil como Security Engineer combina 1.0 años de experiencia, NestJS, Swift y un fuerte enfoque en inteligencia artificial."
CAND_098,Tomás Morales,1.5,1.0,A2,True,Ingeniero backend con 1.5 años construyendo sistemas escalables en tecnología financiera. Manejo avanzado de GCP y Next.js.
CAND_099,Lorena Flores,0.7,1.0,C1,False,"Ingeniero de software con proactividad y 0.7 años en blockchain. Maneja Swift, Redis y metodologías ágiles. Mentor de equipos técnicos."
CAND_100,Miguel Ortega,5.2,4.9,C1,True,"Desarrollador polivalente con creatividad. Experiencia en todo el ciclo de vida del software con Express.js, Azure y entrega continua."
CAND_101,Iván Fuentes,0.4,1.0,B2,True,"Mi perfil como Solutions Architect combina 0.4 años de experiencia, Kotlin, Swift y un fuerte enfoque en big data."
CAND_102,Rocío Rivas,6.7,9.0,C2,True,"Backend engineer con negociación especializado en APIs REST y microservicios. Experiencia con SQL Server, PostgreSQL y bases de datos SQL/NoSQL."
CAND_103,Adriana Delgado,1.9,1.0,C1,True,"Data engineer especializado en pipelines ETL, data lakes y procesamiento en tiempo real con Flask, FastAPI y Spark."
CAND_104,Sofía Jiménez,1.3,1.0,C2,True,"A lo largo de mi carrera como Technical Lead he trabajado en proyectos de big data, utilizando tecnologías como PostgreSQL, Angular y destacando por mi adaptabilidad."
CAND_105,Tatiana Rodríguez,2.7,1.4,B1,True,"Backend engineer con creatividad especializado en APIs REST y microservicios. Experiencia con C#, Flask y bases de datos SQL/NoSQL."
CAND_106,Andrés Medina,4.1,6.4,A1,True,"Data scientist con proactividad. Experiencia en retail análisis de datos, feature engineering y despliegue de modelos con Docker y Kotlin."
CAND_107,Andrés Gómez,1.2,1.0,C1,False,"Especialista en seguridad informática para finanzas. Implementa políticas de seguridad, pentesting y monitoreo con NestJS."
CAND_108,Tatiana Delgado,6.4,4.6,C1,False,"Como Backend Engineer, he desarrollado una sólida experiencia en inteligencia artificial, trabajando con Svelte, Docker y destacando por mi colaboración."
CAND_109,Ana López,1.3,1.0,C2,True,"Desarrollador polivalente con adaptabilidad. Experiencia en todo el ciclo de vida del software con TypeScript, NestJS y entrega continua."
CAND_110,Felipe Cortés,2.1,2.3,C1,False,"Especialista en seguridad informática para internet de las cosas. Implementa políticas de seguridad, pentesting y monitoreo con Swift."
CAND_111,Pablo Rivas,0.4,1.0,B1,True,"Como Site Reliability Engineer especializado en retail, aporto 0.4 años de experiencia, TypeScript, Java y empatía."
CAND_112,Verónica Molina,3.4,4.1,C1,False,Ingeniero backend con 3.4 años construyendo sistemas escalables en finanzas. Manejo avanzado de Flask y Python.
CAND_113,Adriana Pérez,1.5,1.8,B2,False,"Fullstack engineer apasionado por e-commerce. Trabaja con AWS, Svelte y bases de datos. Reconocido por su pensamiento crítico."
CAND_114,Manuela Fernández,1.5,1.3,B1,False,Fullstack developer con adaptabilidad y 1.5 años construyendo soluciones end-to-end con TypeScript en frontend y JavaScript en backend.
CAND_115,Hugo Rojas,0.4,1.0,A2,True,Fullstack developer con resolución de problemas y 0.4 años construyendo soluciones end-to-end con Kafka en frontend y Docker en backend.
CAND_116,Emilio Medina,3.0,3.3,B1,False,"Ingeniero de software con colaboración y 3.0 años en logística. Maneja FastAPI, Go y metodologías ágiles. Mentor de equipos técnicos."
CAND_117,Ana Vega,2.3,1.0,C1,True,"Como Security Engineer, combino 2.3 años de experiencia con Express.js, Svelte para ofrecer soluciones innovadoras en internet de las cosas."
CAND_118,Verónica Silva,0.5,1.0,A1,False,Fullstack developer con pensamiento crítico y 0.5 años construyendo soluciones end-to-end con GCP en frontend y PostgreSQL en backend.
CAND_119,Luis Ruiz,4.6,5.9,B1,False,"DevOps engineer con comunicación efectiva y 4.6 años automatizando infraestructura. Stack: MongoDB, Redis, Docker, Kubernetes y CI/CD."
CAND_120,Rocío Ortega,1.7,1.0,B2,True,"Desarrollador fullstack con liderazgo técnico. Experiencia en frontend moderno (Docker), backend escalable (Go) y cloud."
CAND_121,Javier Aguilar,1.7,2.3,B2,True,"Desarrollador polivalente con liderazgo técnico. Experiencia en todo el ciclo de vida del software con JavaScript, NestJS y entrega continua."
CAND_122,Ana Aguilar,2.2,4.4,B1,True,Fullstack developer con negociación y 2.2 años construyendo soluciones end-to-end con Vue en frontend y FastAPI en backend.
CAND_123,Adriana Peña,5.7,8.4,C2,True,"Especializado en logística, mi experiencia como Product Manager abarca Kubernetes, Django y un sólido historial de negociación."
CAND_124,Pedro Rodríguez,1.7,1.4,A2,True,"DevOps engineer con negociación y 1.7 años automatizando infraestructura. Stack: NestJS, Kotlin, Docker, Kubernetes y CI/CD."
CAND_125,Diego Cabrera,1.6,1.0,C1,True,"QA engineer con colaboración y 1.6 años en automatización de pruebas. Experiencia con AWS, SQL Server y frameworks de testing."
CAND_126,Tomás Vargas,8.8,9.3,C1,True,"Backend developer con experiencia en integración de servicios, colas de mensajería y despliegues cloud usando SQL Server, Express.js y Docker."
CAND_127,Claudia Vargas,1.3,3.0,C1,True,"Como Solutions Architect especializado en automatización empresarial, aporto 1.3 años de experiencia, Kubernetes, MySQL y resolución de problemas."
CAND_128,Pedro Peña,8.3,10.0,B1,False,"Desarrollador polivalente con creatividad. Experiencia en todo el ciclo de vida del software con Svelte, SQL Server y entrega continua."
CAND_129,Luis Silva,0.8,1.0,C1,False,"Desarrollador polivalente con liderazgo técnico. Experiencia en todo el ciclo de vida del software con Azure, FastAPI y entrega continua."
CAND_130,Carlos Cortés,0.3,1.0,B1,True,"Backend developer con experiencia en integración de servicios, colas de mensajería y despliegues cloud usando SQL Server, GCP y Docker."
CAND_131,Mateo Aguilar,7.9,8.3,B2,False,"Mi perfil como Mobile Developer combina 7.9 años de experiencia, SQL Server, Kotlin y un fuerte enfoque en ciber seguridad."
CAND_132,Manuela Martínez,0.2,2.3,B2,False,"Site Reliability Engineer con experiencia en microservicios. Garantiza disponibilidad y rendimiento usando MongoDB, Redis y monitoreo avanzado."
CAND_133,Elena Paredes,0.2,2.4,B1,False,Mobile developer con 0.2 años creando apps nativas y multiplataforma con GCP y Next.js. Orientado a automatización empresarial.
CAND_134,Sebastián Gómez,2.6,1.6,B2,True,"Cloud engineer certificado en AWS/Azure. Diseña arquitecturas escalables con Next.js, React y Terraform."
CAND_135,María Reyes,5.2,6.7,B1,True,"Especializado en internet de las cosas, mi experiencia como Mobile Developer abarca Django, FastAPI y un sólido historial de creatividad."
CAND_136,Valeria Torres,3.1,1.8,B2,False,"Data scientist con colaboración. Experiencia en big data análisis de datos, feature engineering y despliegue de modelos con Python y Kubernetes."
CAND_137,Valentina Iglesias,8.6,7.2,B2,True,"Backend engineer con proactividad especializado en APIs REST y microservicios. Experiencia con Go, Vue y bases de datos SQL/NoSQL."
CAND_138,Hugo Gómez,1.3,1.1,B2,False,Mobile developer con 1.3 años creando apps nativas y multiplataforma con Angular y Express.js. Orientado a finanzas.
CAND_139,Manuela Mendoza,2.8,5.4,B1,False,"Especializado en logística, mi experiencia como Technical Lead abarca Express.js, Next.js y un sólido historial de gestión del tiempo."
CAND_140,Valentina Ramírez,0.5,1.0,C1,True,"Desarrollador polivalente con colaboración. Experiencia en todo el ciclo de vida del software con Next.js, Java y entrega continua."
CAND_141,Martín Cabrera,3.3,3.1,A2,True,"Desarrollador fullstack con trabajo en equipo. Experiencia en frontend moderno (Svelte), backend escalable (Express.js) y cloud."
CAND_142,Gabriel Paredes,1.5,1.7,C2,True,"Mi perfil como Backend Developer combina 1.5 años de experiencia, Flask, Docker y un fuerte enfoque en big data."
CAND_143,Valeria Rivas,5.0,4.7,B2,True,"Site Reliability Engineer con experiencia en e-commerce. Garantiza disponibilidad y rendimiento usando Django, TypeScript y monitoreo avanzado."
CAND_144,Emilio Navarro,0.7,3.6,B2,True,"Machine Learning engineer con 0.7 años construyendo pipelines de datos y modelos predictivos para microservicios. Usa Angular, JavaScript y Python."
CAND_145,Andrés Peña,0.7,1.5,C2,True,"Data engineer especializado en pipelines ETL, data lakes y procesamiento en tiempo real con Express.js, Kotlin y Spark."
CAND_146,Claudia Vega,0.7,2.7,B2,True,"Frontend developer con negociación especializado en C# y ecosistema Docker. Crea interfaces modernas, accesibles y con buen rendimiento."
CAND_147,Iván Ortega,1.8,3.4,B2,True,"Frontend developer con gestión del tiempo especializado en NestJS y ecosistema Kubernetes. Crea interfaces modernas, accesibles y con buen rendimiento."
CAND_148,Sofía Vega,2.6,4.1,C1,True,"Frontend developer con comunicación efectiva especializado en Kubernetes y ecosistema Svelte. Crea interfaces modernas, accesibles y con buen rendimiento."
CAND_149,Paula Vega,1.4,1.2,C2,True,Ingeniero backend con 1.4 años construyendo sistemas escalables en inteligencia artificial. Manejo avanzado de JavaScript y React.
CAND_150,Manuela Rojas,1.5,2.7,C2,False,"Backend developer con experiencia en integración de servicios, colas de mensajería y despliegues cloud usando Django, Rust y Docker."
CAND_151,Laura Castro,5.7,4.2,B2,True,"Frontend developer con resolución de problemas especializado en Django y ecosistema Svelte. Crea interfaces modernas, accesibles y con buen rendimiento."
CAND_152,Miguel Jiménez,1.8,1.4,C1,True,"Mi perfil como Machine Learning Engineer combina 1.8 años de experiencia, JavaScript, Go y un fuerte enfoque en tecnología financiera."
CAND_153,David Fernández,2.4,1.0,B1,False,"Mi perfil como Technical Lead combina 2.4 años de experiencia, GCP, Flask y un fuerte enfoque en tecnología financiera."
CAND_154,Daniela Campos,2.4,3.9,C2,True,"Backend developer con experiencia en integración de servicios, colas de mensajería y despliegues cloud usando SQL Server, AWS y Docker."
CAND_155,Alejandro Navarro,1.8,4.8,B2,True,"Especialista en seguridad informática para big data. Implementa políticas de seguridad, pentesting y monitoreo con GCP."
CAND_156,Lucía Gómez,2.8,1.0,C2,True,"Desarrollador mobile con creatividad y experiencia en publicación de apps. Stack: SQL Server, PostgreSQL, CI/CD móvil."
CAND_157,Carlos Guerrero,3.9,5.6,A2,True,"Mi enfoque como Data Scientist se centra en ciber seguridad, con experiencia en PostgreSQL, Azure y un fuerte compromiso con la calidad y adaptabilidad."
CAND_158,Paula Torres,2.2,1.0,A2,False,"Desarrollador frontend con empatía. Domina AWS, Next.js y testing de componentes. Enfoque en accesibilidad y rendimiento."
CAND_159,Laura Rojas,4.5,3.7,B2,True,"Ingeniero de software con gestión del tiempo y 4.5 años en salud. Maneja Python, Docker y metodologías ágiles. Mentor de equipos técnicos."
CAND_160,Laura Rodríguez,0.6,1.0,A1,True,"Backend developer con experiencia en integración de servicios, colas de mensajería y despliegues cloud usando MySQL, Express.js y Docker."
CAND_161,Verónica Torres,2.5,1.7,B2,False,"Como Site Reliability Engineer especializado en realidad aumentada, aporto 2.5 años de experiencia, Docker, Django y empatía."
CAND_162,Tomás Silva,2.6,3.0,C2,False,"Desarrollador polivalente con resolución de problemas. Experiencia en todo el ciclo de vida del software con PostgreSQL, Go y entrega continua."
CAND_163,Julia Fernández,2.5,1.0,B2,True,"Desarrollador fullstack con negociación. Experiencia en frontend moderno (SQL Server), backend escalable (MySQL) y cloud."
CAND_164,Natalia García,1.3,3.3,C1,True,"Especialista en seguridad informática para retail. Implementa políticas de seguridad, pentesting y monitoreo con Vue."
CAND_165,Tatiana Silva,5.9,5.7,C1,False,"Ingeniero de calidad con enfoque en blockchain. Implementa pruebas unitarias, de integración y E2E con Rust y React."
CAND_166,Fernanda Peña,4.3,3.0,B2,False,"Como Product Manager, he desarrollado una sólida experiencia en salud, trabajando con Next.js, SQL Server y destacando por mi gestión del tiempo."
CAND_167,Pedro Cortés,0.8,1.0,B2,True,"Como DevOps Engineer, he desarrollado una sólida experiencia en big data, trabajando con Java, Next.js y destacando por mi adaptabilidad."
CAND_168,Emilio Delgado,5.3,3.6,C1,False,"Data engineer especializado en pipelines ETL, data lakes y procesamiento en tiempo real con PostgreSQL, Kubernetes y Spark."
CAND_169,Adriana Castro,1.6,1.0,C1,False,"DevOps engineer con colaboración y 1.6 años automatizando infraestructura. Stack: PostgreSQL, Django, Docker, Kubernetes y CI/CD."
CAND_170,Mariana Guerrero,0.7,1.0,B1,True,Ingeniero backend con 0.7 años construyendo sistemas escalables en ciber seguridad. Manejo avanzado de Swift y Svelte.
CAND_171,Pablo Sánchez,0.2,1.0,B1,False,"Software engineer con experiencia en sistemas distribuidos y alta disponibilidad usando React, Docker y prácticas DevOps."
CAND_172,Natalia Mendoza,1.7,1.8,A2,True,"Especializado en retail, mi experiencia como Solutions Architect abarca Rust, Redis y un sólido historial de gestión del tiempo."
CAND_173,Nicolás López,3.2,1.5,C1,True,Mobile developer con 3.2 años creando apps nativas y multiplataforma con Swift y Flask. Orientado a plataformas SaaS.
CAND_174,Miguel Cruz,5.6,8.2,B1,False,"Como Technical Lead, he desarrollado una sólida experiencia en automatización empresarial, trabajando con Kubernetes, Svelte y destacando por mi resolución de problemas."
CAND_175,Iván Paredes,1.7,1.0,B2,True,"Soy DevOps Engineer con 1.7 años de experiencia en automatización empresarial. Stack principal: MongoDB, GCP. Destaco por mi adaptabilidad."
CAND_176,Adriana Cabrera,2.3,1.0,B2,False,Ingeniero backend con 2.3 años construyendo sistemas escalables en educación. Manejo avanzado de SQL Server y Flask.
CAND_177,Javier Silva,5.7,7.4,B2,False,"Como Site Reliability Engineer especializado en inteligencia artificial, aporto 5.7 años de experiencia, TypeScript, AWS y adaptabilidad."
CAND_178,Fernanda Fuentes,4.6,7.3,A2,False,"Security engineer con proactividad. Experiencia en ciberseguridad, análisis de vulnerabilidades y DevSecOps con Angular y Vue."
CAND_179,Samuel Martínez,1.8,1.9,B2,True,"Data engineer especializado en pipelines ETL, data lakes y procesamiento en tiempo real con Next.js, Angular y Spark."
CAND_180,Mateo Peña,3.7,4.3,C2,True,Mobile developer con 3.7 años creando apps nativas y multiplataforma con MySQL y FastAPI. Orientado a inteligencia artificial.
CAND_181,Alejandro Cabrera,2.3,4.7,C1,True,"Especialista en seguridad informática para finanzas. Implementa políticas de seguridad, pentesting y monitoreo con Kafka."
CAND_182,Mariana Ruiz,2.6,4.6,A1,False,"Fullstack engineer apasionado por marketing digital. Trabaja con TypeScript, Kafka y bases de datos. Reconocido por su pensamiento crítico."
CAND_183,Hugo Santos,2.8,1.6,B2,True,"Ingeniero de calidad con enfoque en microservicios. Implementa pruebas unitarias, de integración y E2E con Swift y Rust."
CAND_184,Paula Santos,0.6,1.6,A2,True,"Desarrollador Technical Lead con 0.6 años de experiencia en inteligencia artificial. Stack principal: FastAPI, Rust, Python. Destaca por empatía."
CAND_185,Samuel Jiménez,2.2,2.8,C2,True,"A lo largo de mi carrera como Solutions Architect he trabajado en proyectos de automatización empresarial, utilizando tecnologías como AWS, GCP y destacando por mi pensamiento crítico."
CAND_186,Hugo Navarro,1.6,1.6,C1,False,"Data engineer especializado en pipelines ETL, data lakes y procesamiento en tiempo real con Redis, Python y Spark."
CAND_187,Lucía Navarro,4.0,3.6,C2,True,"Soy Technical Lead con 4.0 años de experiencia en internet de las cosas. Stack principal: Docker, Next.js. Destaco por mi creatividad."
CAND_188,Samuel Medina,1.5,1.5,B2,True,"Fullstack engineer apasionado por plataformas SaaS. Trabaja con MongoDB, TypeScript y bases de datos. Reconocido por su liderazgo técnico."
CAND_189,Sofía Ramírez,1.1,1.0,C1,True,"Cloud engineer certificado en AWS/Azure. Diseña arquitecturas escalables con Docker, Java y Terraform."
CAND_190,Mariana García,1.4,1.0,A1,True,"Especializado en big data, mi experiencia como Solutions Architect abarca Flask, Angular y un sólido historial de liderazgo técnico."
CAND_191,Martín Vega,0.1,1.0,C1,True,"Soy Technical Lead con 0.1 años de experiencia en inteligencia artificial. Stack principal: Next.js, Svelte. Destaco por mi creatividad."
CAND_192,Luis Cruz,4.7,6.1,B2,True,"Como DevOps Engineer especializado en internet de las cosas, aporto 4.7 años de experiencia, MongoDB, Vue y colaboración."
CAND_193,Claudia Aguilar,3.5,4.2,B2,True,"Desarrollador Backend Engineer con 3.5 años de experiencia en blockchain. Stack principal: PostgreSQL, Express.js, Python. Destaca por adaptabilidad."
CAND_194,Isabella López,0.2,1.8,C1,True,"Mi enfoque como Frontend Developer se centra en realidad aumentada, con experiencia en Svelte, Swift y un fuerte compromiso con la calidad y negociación."
CAND_195,Mateo López,1.2,2.5,C2,False,"Frontend engineer apasionado por UX/UI con 1.2 años usando Redis, Go y diseño responsive. Experiencia en blockchain."
CAND_196,Iván Medina,0.8,1.0,C1,True,Fullstack developer con negociación y 0.8 años construyendo soluciones end-to-end con FastAPI en frontend y Flask en backend.
CAND_197,Kevin Rivas,2.6,3.5,C1,True,"Desarrollador fullstack con comunicación efectiva. Experiencia en frontend moderno (Vue), backend escalable (Rust) y cloud."
CAND_198,Javier Guerrero,2.4,4.2,A2,True,"A lo largo de mi carrera como Product Manager he trabajado en proyectos de realidad aumentada, utilizando tecnologías como Java, AWS y destacando por mi proactividad."
CAND_199,Mateo Santos,1.5,3.0,C1,True,"Data scientist con liderazgo técnico. Experiencia en e-commerce análisis de datos, feature engineering y despliegue de modelos con JavaScript y Kotlin."
CAND_200,Isabella Gómez,1.4,1.7,B1,True,"Frontend engineer apasionado por UX/UI con 1.4 años usando Redis, MongoDB y diseño responsive. Experiencia en realidad aumentada."
CAND_201,Manuela López,1.5,2.4,C1,False,"Cloud engineer certificado en AWS/Azure. Diseña arquitecturas escalables con SQL Server, Django y Terraform."
CAND_202,Elena Campos,2.9,2.3,C1,False,"Cloud engineer certificado en AWS/Azure. Diseña arquitecturas escalables con PostgreSQL, JavaScript y Terraform."
CAND_203,Luis Peña,3.2,5.8,C1,True,"Technical lead con 3.2 años liderando equipos en retail. Stack técnico: Swift, React. Promueve proactividad en el equipo."
CAND_204,Diego Santos,0.3,3.2,B2,True,"Mi enfoque como Data Scientist se centra en big data, con experiencia en Redis, Azure y un fuerte compromiso con la calidad y empatía."
CAND_205,Julia Cortés,2.7,2.4,B2,True,"DevOps engineer con trabajo en equipo y 2.7 años automatizando infraestructura. Stack: Angular, Redis, Docker, Kubernetes y CI/CD."
CAND_206,Felipe Flores,6.1,6.2,B1,False,Fullstack developer con liderazgo técnico y 6.1 años construyendo soluciones end-to-end con Next.js en frontend y Flask en backend.
CAND_207,Samuel Ramírez,1.7,1.0,B1,False,"Data engineer especializado en pipelines ETL, data lakes y procesamiento en tiempo real con Azure, MySQL y Spark."
CAND_208,Lucía Molina,2.8,2.6,C1,True,"A lo largo de mi carrera como Security Engineer he trabajado en proyectos de marketing digital, utilizando tecnologías como Kafka, Rust y destacando por mi negociación."
CAND_209,Pedro Ruiz,1.6,1.2,C1,True,"Frontend engineer apasionado por UX/UI con 1.6 años usando Java, GCP y diseño responsive. Experiencia en salud."
CAND_210,Iván Peña,3.5,5.3,B1,True,"Backend engineer con creatividad especializado en APIs REST y microservicios. Experiencia con TypeScript, Rust y bases de datos SQL/NoSQL."
CAND_211,Natalia Flores,2.5,1.7,B2,True,"Cloud engineer certificado en AWS/Azure. Diseña arquitecturas escalables con Java, C# y Terraform."
CAND_212,Emilio Torres,2.4,3.1,C1,True,"Desarrollador frontend con colaboración. Domina Python, Rust y testing de componentes. Enfoque en accesibilidad y rendimiento."
CAND_213,Iván Silva,1.5,1.4,B1,False,"Fullstack engineer apasionado por microservicios. Trabaja con AWS, Azure y bases de datos. Reconocido por su liderazgo técnico."
CAND_214,María Rivas,3.3,6.2,B2,False,"Ingeniero de software con liderazgo técnico y 3.3 años en realidad aumentada. Maneja NestJS, Python y metodologías ágiles. Mentor de equipos técnicos."
CAND_215,Kevin Guerrero,1.3,3.2,C1,True,"Especializado en marketing digital, mi experiencia como Product Manager abarca Flask, Go y un sólido historial de resolución de problemas."
CAND_216,Isabella Herrera,2.6,4.5,C1,True,"Ingeniero de software con adaptabilidad y 2.6 años en tecnología financiera. Maneja SQL Server, AWS y metodologías ágiles. Mentor de equipos técnicos."
CAND_217,Hugo Vargas,0.8,1.0,B1,True,"Technical lead con 0.8 años liderando equipos en retail. Stack técnico: AWS, MongoDB. Promueve comunicación efectiva en el equipo."
CAND_218,Adriana Medina,1.5,1.4,B2,False,"Desarrollador mobile con colaboración y experiencia en publicación de apps. Stack: Swift, Go, CI/CD móvil."
CAND_219,Pablo Peña,1.6,1.2,B1,True,"Software engineer con experiencia en sistemas distribuidos y alta disponibilidad usando Angular, Django y prácticas DevOps."
CAND_220,Fernanda Rivas,1.5,2.2,B2,False,"Data scientist con resolución de problemas. Experiencia en automatización empresarial análisis de datos, feature engineering y despliegue de modelos con AWS y Kotlin."
CAND_221,David Ortega,3.5,1.7,B2,True,"QA engineer con adaptabilidad y 3.5 años en automatización de pruebas. Experiencia con Redis, Kubernetes y frameworks de testing."
CAND_222,Gabriel Flores,0.2,1.0,B1,True,"DevOps engineer con gestión del tiempo y 0.2 años automatizando infraestructura. Stack: Kotlin, Angular, Docker, Kubernetes y CI/CD."
CAND_223,Isabella Fernández,1.6,4.0,C1,True,"Machine Learning engineer con 1.6 años construyendo pipelines de datos y modelos predictivos para automatización empresarial. Usa PostgreSQL, Vue y Python."
CAND_224,Manuela Flores,2.8,3.4,B2,False,"Como DevOps Engineer especializado en big data, aporto 2.8 años de experiencia, TypeScript, Vue y adaptabilidad."
CAND_225,David Cruz,4.8,4.1,B2,True,"Fullstack engineer apasionado por educación. Trabaja con MySQL, NestJS y bases de datos. Reconocido por su adaptabilidad."
CAND_226,Manuela Ortega,2.8,5.3,B2,True,"Desarrollador mobile con comunicación efectiva y experiencia en publicación de apps. Stack: JavaScript, Python, CI/CD móvil."
CAND_227,Claudia Vega,5.4,5.8,B2,True,"Desarrollador frontend con resolución de problemas. Domina Kubernetes, Kotlin y testing de componentes. Enfoque en accesibilidad y rendimiento."
CAND_228,Samuel Vega,6.2,7.6,C1,True,"Como DevOps Engineer, combino 6.2 años de experiencia con SQL Server, Go para ofrecer soluciones innovadoras en microservicios."
CAND_229,Alejandro Cruz,0.1,1.0,B2,True,"Software engineer con experiencia en sistemas distribuidos y alta disponibilidad usando Django, NestJS y prácticas DevOps."
CAND_230,Emilio Guerrero,3.1,1.6,C2,False,"Cloud engineer certificado en AWS/Azure. Diseña arquitecturas escalables con FastAPI, PostgreSQL y Terraform."
CAND_231,Elena Iglesias,2.7,5.5,A2,False,"Desarrollador fullstack con empatía. Experiencia en frontend moderno (C#), backend escalable (Next.js) y cloud."
CAND_232,Lorena Campos,1.2,2.1,A1,True,"DevOps engineer con resolución de problemas y 1.2 años automatizando infraestructura. Stack: Svelte, Next.js, Docker, Kubernetes y CI/CD."
CAND_233,Hugo Fernández,2.6,5.3,B2,True,"Desarrollador frontend con gestión del tiempo. Domina Vue, PostgreSQL y testing de componentes. Enfoque en accesibilidad y rendimiento."
CAND_234,Elena Acosta,6.5,4.6,B2,True,"Software engineer con experiencia en sistemas distribuidos y alta disponibilidad usando FastAPI, TypeScript y prácticas DevOps."
CAND_235,Julián Rodríguez,0.7,1.0,C2,True,"Ingeniero de software con negociación y 0.7 años en tecnología financiera. Maneja C#, Rust y metodologías ágiles. Mentor de equipos técnicos."
CAND_236,Pedro Castro,5.3,4.8,B2,False,"QA engineer con pensamiento crítico y 5.3 años en automatización de pruebas. Experiencia con Next.js, Angular y frameworks de testing."
CAND_237,Isabella Rojas,5.8,6.5,B2,True,"Security engineer con creatividad. Experiencia en ciberseguridad, análisis de vulnerabilidades y DevSecOps con Kafka y React."
CAND_238,Manuela Aguilar,0.8,1.0,B2,True,Mobile developer con 0.8 años creando apps nativas y multiplataforma con Vue y Java. Orientado a marketing digital.
CAND_239,Fernanda Aguilar,1.4,1.7,B1,False,"Backend developer con experiencia en integración de servicios, colas de mensajería y despliegues cloud usando C#, Kubernetes y Docker."
CAND_240,Elena Acosta,1.7,2.2,C2,True,"Frontend developer con resolución de problemas especializado en SQL Server y ecosistema Express.js. Crea interfaces modernas, accesibles y con buen rendimiento."
CAND_241,Mateo Gómez,1.0,1.0,C1,False,"QA engineer con resolución de problemas y 1.0 años en automatización de pruebas. Experiencia con Kotlin, Django y frameworks de testing."
CAND_242,Adriana Silva,1.8,3.9,B1,False,"Frontend developer con adaptabilidad especializado en React y ecosistema Redis. Crea interfaces modernas, accesibles y con buen rendimiento."
CAND_243,Sofía Delgado,1.7,3.7,C1,True,"Software engineer con experiencia en sistemas distribuidos y alta disponibilidad usando Redis, MongoDB y prácticas DevOps."
CAND_244,Julia Ramírez,2.3,1.0,B2,True,Fullstack developer con creatividad y 2.3 años construyendo soluciones end-to-end con Angular en frontend y Next.js en backend.
CAND_245,Tomás Flores,1.1,1.0,C1,True,"Software engineer con experiencia en sistemas distribuidos y alta disponibilidad usando SQL Server, Next.js y prácticas DevOps."
CAND_246,Manuela Medina,2.0,1.8,B1,True,"Soy Machine Learning Engineer con 2.0 años de experiencia en educación. Stack principal: C#, GCP. Destaco por mi trabajo en equipo."
CAND_247,Sofía Reyes,4.1,6.5,A2,False,"Data engineer especializado en pipelines ETL, data lakes y procesamiento en tiempo real con C#, AWS y Spark."
CAND_248,Julián Santos,1.4,1.0,B2,True,"Como Site Reliability Engineer especializado en big data, aporto 1.4 años de experiencia, SQL Server, Redis y adaptabilidad."
CAND_249,David Acosta,5.3,6.1,C1,True,"Software engineer con experiencia en sistemas distribuidos y alta disponibilidad usando Flask, PostgreSQL y prácticas DevOps."
CAND_250,Verónica Cortés,1.1,1.0,C1,True,"A lo largo de mi carrera como Machine Learning Engineer he trabajado en proyectos de marketing digital, utilizando tecnologías como Kafka, Next.js y destacando por mi pensamiento crítico."
CAND_251,Miguel Cortés,0.8,1.0,A1,True,"A lo largo de mi carrera como Software Engineer he trabajado en proyectos de tecnología financiera, utilizando tecnologías como Docker, Java y destacando por mi gestión del tiempo."
CAND_252,Javier Castro,6.6,5.2,C1,False,"Mi enfoque como Frontend Developer se centra en big data, con experiencia en Django, TypeScript y un fuerte compromiso con la calidad y trabajo en equipo."
CAND_253,Carlos Morales,1.4,1.2,C1,True,"Fullstack engineer apasionado por ciber seguridad. Trabaja con Kubernetes, Java y bases de datos. Reconocido por su adaptabilidad."
CAND_254,Alejandro Rojas,1.8,4.0,A2,True,"Ingeniero de software con pensamiento crítico y 1.8 años en microservicios. Maneja Azure, PostgreSQL y metodologías ágiles. Mentor de equipos técnicos."
CAND_255,Felipe Ortega,6.8,8.6,B1,False,"Mi perfil como DevOps Engineer combina 6.8 años de experiencia, Svelte, Go y un fuerte enfoque en logística."
CAND_256,Sofía Torres,0.4,2.4,C1,False,"Ingeniero de calidad con enfoque en logística. Implementa pruebas unitarias, de integración y E2E con TypeScript y Django."
CAND_257,Hugo Vargas,5.2,4.0,C1,False,"Cloud engineer certificado en AWS/Azure. Diseña arquitecturas escalables con Rust, GCP y Terraform."
CAND_258,Paula García,0.1,2.6,B1,True,"Machine Learning engineer con 0.1 años construyendo pipelines de datos y modelos predictivos para realidad aumentada. Usa Docker, React y Python."
CAND_259,Carlos Paredes,1.6,3.9,C1,False,"Ingeniero de software con colaboración y 1.6 años en educación. Maneja NestJS, Python y metodologías ágiles. Mentor de equipos técnicos."
CAND_260,Luis Pérez,1.3,2.5,B2,True,"Como Backend Developer, combino 1.3 años de experiencia con React, Python para ofrecer soluciones innovadoras en internet de las cosas."
CAND_261,Nicolás Fuentes,0.8,1.8,B2,True,Ingeniero backend con 0.8 años construyendo sistemas escalables en finanzas. Manejo avanzado de Next.js y PostgreSQL.
CAND_262,Ricardo Peña,0.8,2.9,B1,True,"Especialista en seguridad informática para automatización empresarial. Implementa políticas de seguridad, pentesting y monitoreo con PostgreSQL."
CAND_263,Camila Fernández,1.0,3.3,C1,True,"Site Reliability Engineer con experiencia en logística. Garantiza disponibilidad y rendimiento usando C#, Express.js y monitoreo avanzado."
CAND_264,Elena Martínez,0.8,2.3,C2,True,"Data scientist con resolución de problemas. Experiencia en logística análisis de datos, feature engineering y despliegue de modelos con MongoDB y Java."
CAND_265,Miguel Castro,1.8,1.2,A2,True,"Especializado en e-commerce, mi experiencia como Solutions Architect abarca Kubernetes, Python y un sólido historial de empatía."
CAND_266,Carlos Rodríguez,3.1,4.6,B2,True,"Security engineer con empatía. Experiencia en ciberseguridad, análisis de vulnerabilidades y DevSecOps con C# y Express.js."
CAND_267,Rocío Santos,1.7,1.0,A2,True,"DevOps engineer con liderazgo técnico y 1.7 años automatizando infraestructura. Stack: Go, JavaScript, Docker, Kubernetes y CI/CD."
CAND_268,Pedro Santos,0.2,1.0,A2,True,"Desarrollador fullstack con pensamiento crítico. Experiencia en frontend moderno (Django), backend escalable (AWS) y cloud."
CAND_269,Ricardo Cortés,0.7,1.0,B2,True,"Soy Site Reliability Engineer con 0.7 años de experiencia en tecnología financiera. Stack principal: Next.js, Go. Destaco por mi trabajo en equipo."
CAND_270,Manuela Herrera,1.3,1.0,B1,True,"Especializado en retail, mi experiencia como Data Engineer abarca Angular, Redis y un sólido historial de creatividad."
CAND_271,Hugo Cortés,1.2,2.3,B1,True,"Mi enfoque como Backend Engineer se centra en marketing digital, con experiencia en Java, PostgreSQL y un fuerte compromiso con la calidad y creatividad."
CAND_272,Juan Guerrero,1.0,2.9,B2,True,"Data scientist con comunicación efectiva. Experiencia en marketing digital análisis de datos, feature engineering y despliegue de modelos con Redis y React."
CAND_273,Elena Ruiz,2.8,5.0,A2,False,"Machine Learning engineer con 2.8 años construyendo pipelines de datos y modelos predictivos para big data. Usa Java, PostgreSQL y Python."
CAND_274,Iván Santos,1.0,2.5,B1,True,"Ingeniero de software con trabajo en equipo y 1.0 años en marketing digital. Maneja Flask, Docker y metodologías ágiles. Mentor de equipos técnicos."
CAND_275,Nicolás Guerrero,2.1,1.0,B2,False,"Technical lead con 2.1 años liderando equipos en internet de las cosas. Stack técnico: FastAPI, NestJS. Promueve negociación en el equipo."
CAND_276,Manuela Reyes,1.7,1.3,B2,True,"Ingeniero de software con negociación y 1.7 años en tecnología financiera. Maneja Kotlin, Flask y metodologías ágiles. Mentor de equipos técnicos."
CAND_277,Martín Cortés,3.2,5.7,A1,True,"Software engineer con experiencia en sistemas distribuidos y alta disponibilidad usando Angular, Svelte y prácticas DevOps."
CAND_278,Carlos Castro,3.1,5.2,B2,False,"Cloud engineer certificado en AWS/Azure. Diseña arquitecturas escalables con Swift, Redis y Terraform."
CAND_279,Sofía Castro,4.7,3.9,B2,True,Mobile developer con 4.7 años creando apps nativas y multiplataforma con GCP y Swift. Orientado a marketing digital.
CAND_280,Verónica Fuentes,5.5,8.0,C1,True,"Data scientist con resolución de problemas. Experiencia en e-commerce análisis de datos, feature engineering y despliegue de modelos con Docker y TypeScript."
CAND_281,Isabella Medina,1.6,4.3,B2,False,"Especialista en seguridad informática para retail. Implementa políticas de seguridad, pentesting y monitoreo con Redis."
CAND_282,Miguel Iglesias,0.9,3.1,B1,True,"Ingeniero de software con liderazgo técnico y 0.9 años en marketing digital. Maneja MongoDB, Go y metodologías ágiles. Mentor de equipos técnicos."
CAND_283,Kevin Aguilar,3.8,4.7,A2,True,"Cloud engineer certificado en AWS/Azure. Diseña arquitecturas escalables con MySQL, Rust y Terraform."
CAND_284,Juan Guerrero,0.3,1.4,B2,True,"Mi enfoque como Frontend Developer se centra en internet de las cosas, con experiencia en Flask, Go y un fuerte compromiso con la calidad y gestión del tiempo."
CAND_285,Emilio López,3.2,1.6,A1,True,"Frontend engineer apasionado por UX/UI con 3.2 años usando GCP, Kafka y diseño responsive. Experiencia en e-commerce."
CAND_286,Juan Cabrera,0.5,1.0,C1,True,"Backend developer con experiencia en integración de servicios, colas de mensajería y despliegues cloud usando FastAPI, Swift y Docker."
CAND_287,Rocío Campos,1.7,3.7,A2,True,"Desarrollador Frontend Developer con 1.7 años de experiencia en inteligencia artificial. Stack principal: Redis, Azure, Python. Destaca por creatividad."
CAND_288,Lorena Ruiz,3.1,3.2,C1,False,"Desarrollador frontend con comunicación efectiva. Domina JavaScript, SQL Server y testing de componentes. Enfoque en accesibilidad y rendimiento."
CAND_289,Verónica Pérez,3.3,5.2,C1,True,"DevOps engineer con liderazgo técnico y 3.3 años automatizando infraestructura. Stack: MySQL, Python, Docker, Kubernetes y CI/CD."
CAND_290,Paula Gómez,2.6,5.2,C2,True,"Desarrollador mobile con empatía y experiencia en publicación de apps. Stack: Python, Express.js, CI/CD móvil."
CAND_291,Andrés Delgado,1.5,1.0,B2,False,"Especialista en seguridad informática para microservicios. Implementa políticas de seguridad, pentesting y monitoreo con React."
CAND_292,Valentina Iglesias,1.7,1.8,A2,False,"QA engineer con empatía y 1.7 años en automatización de pruebas. Experiencia con Kotlin, Redis y frameworks de testing."
CAND_293,Julián Aguilar,2.8,5.3,A2,False,"Backend engineer con empatía especializado en APIs REST y microservicios. Experiencia con GCP, Flask y bases de datos SQL/NoSQL."
CAND_294,Julián Cruz,1.5,3.1,B1,False,"Software engineer con experiencia en sistemas distribuidos y alta disponibilidad usando NestJS, Kubernetes y prácticas DevOps."
CAND_295,Valeria Santos,6.8,8.1,C1,True,"Desarrollador frontend con negociación. Domina NestJS, Redis y testing de componentes. Enfoque en accesibilidad y rendimiento."
CAND_296,Camila Acosta,1.4,1.0,A1,True,"Site Reliability Engineer con experiencia en automatización empresarial. Garantiza disponibilidad y rendimiento usando GCP, React y monitoreo avanzado."
CAND_297,Sebastián Castro,0.5,1.0,B1,False,"Como Frontend Developer especializado en inteligencia artificial, aporto 0.5 años de experiencia, MySQL, Swift y pensamiento crítico."
CAND_298,Luis López,5.3,7.1,B1,False,"Ingeniero de calidad con enfoque en marketing digital. Implementa pruebas unitarias, de integración y E2E con Kotlin y Redis."
CAND_299,Verónica Silva,0.1,1.0,A2,False,"Desarrollador mobile con proactividad y experiencia en publicación de apps. Stack: FastAPI, GCP, CI/CD móvil."
CAND_300,Lucía Gómez,4.1,6.8,B2,True,"Data scientist con proactividad. Experiencia en realidad aumentada análisis de datos, feature engineering y despliegue de modelos con Next.js y TypeScript."
CAND_301,Sara Iglesias,4.6,4.2,C1,True,"A lo largo de mi carrera como Security Engineer he trabajado en proyectos de marketing digital, utilizando tecnologías como Django, SQL Server y destacando por mi creatividad."
CAND_302,Mateo Morales,1.6,2.1,B2,True,Mobile developer con 1.6 años creando apps nativas y multiplataforma con MySQL y NestJS. Orientado a automatización empresarial.
CAND_303,Claudia Delgado,3.7,5.0,B1,False,"Desarrollador fullstack con gestión del tiempo. Experiencia en frontend moderno (C#), backend escalable (PostgreSQL) y cloud."
CAND_304,Hugo Rodríguez,1.3,1.0,A2,False,"Cloud engineer certificado en AWS/Azure. Diseña arquitecturas escalables con FastAPI, React y Terraform."
CAND_305,Luis Cabrera,2.5,5.1,B2,True,"DevOps engineer con gestión del tiempo y 2.5 años automatizando infraestructura. Stack: Java, Python, Docker, Kubernetes y CI/CD."
CAND_306,Iván Vargas,4.7,4.9,B2,True,"Machine Learning engineer con 4.7 años construyendo pipelines de datos y modelos predictivos para marketing digital. Usa PostgreSQL, Kubernetes y Python."
CAND_307,Sara Jiménez,7.7,9.9,B2,True,"Cloud engineer certificado en AWS/Azure. Diseña arquitecturas escalables con PostgreSQL, Redis y Terraform."
CAND_308,Kevin Santos,6.6,9.2,A2,True,"Backend developer con experiencia en integración de servicios, colas de mensajería y despliegues cloud usando TypeScript, NestJS y Docker."
CAND_309,Mariana Gómez,1.8,1.3,B1,False,"Software engineer con experiencia en sistemas distribuidos y alta disponibilidad usando Express.js, Django y prácticas DevOps."
CAND_310,Andrés Peña,3.1,4.0,A1,False,"Software engineer con experiencia en sistemas distribuidos y alta disponibilidad usando PostgreSQL, Next.js y prácticas DevOps."
CAND_311,Pablo Rodríguez,0.1,1.0,C1,False,"DevOps engineer con gestión del tiempo y 0.1 años automatizando infraestructura. Stack: SQL Server, AWS, Docker, Kubernetes y CI/CD."
CAND_312,Sebastián Flores,8.3,7.4,B2,True,"Ingeniero de calidad con enfoque en marketing digital. Implementa pruebas unitarias, de integración y E2E con Swift y Java."
CAND_313,David Navarro,1.2,2.6,C1,True,"A lo largo de mi carrera como Backend Engineer he trabajado en proyectos de marketing digital, utilizando tecnologías como Angular, Svelte y destacando por mi negociación."
CAND_314,Luis Cortés,8.5,10.0,B2,True,"Ingeniero de calidad con enfoque en microservicios. Implementa pruebas unitarias, de integración y E2E con MongoDB y Rust."
CAND_315,Gabriel Paredes,4.5,5.2,C2,True,"Frontend engineer apasionado por UX/UI con 4.5 años usando Flask, Vue y diseño responsive. Experiencia en automatización empresarial."
CAND_316,Samuel Martínez,5.9,4.6,B1,True,"Mi enfoque como Software Engineer se centra en inteligencia artificial, con experiencia en TypeScript, React y un fuerte compromiso con la calidad y trabajo en equipo."
CAND_317,Miguel Morales,2.5,1.5,A2,True,"Frontend engineer apasionado por UX/UI con 2.5 años usando Next.js, Redis y diseño responsive. Experiencia en automatización empresarial."
CAND_318,Andrés Rivas,1.2,3.9,B2,True,"Como Machine Learning Engineer, combino 1.2 años de experiencia con JavaScript, SQL Server para ofrecer soluciones innovadoras en salud."
CAND_319,Claudia Silva,5.4,7.1,B2,True,"Como Python Developer, combino 5.4 años de experiencia con Java, MongoDB para ofrecer soluciones innovadoras en logística."
CAND_320,Javier Ruiz,3.5,3.4,B1,True,"Como Python Developer, he desarrollado una sólida experiencia en automatización empresarial, trabajando con Python, Next.js y destacando por mi empatía."
CAND_321,Camila Mendoza,5.3,6.0,C1,True,"Especialista en seguridad informática para salud. Implementa políticas de seguridad, pentesting y monitoreo con NestJS."
CAND_322,Pedro Vega,4.7,5.3,A1,True,"Soy Security Engineer con 4.7 años de experiencia en salud. Stack principal: FastAPI, JavaScript. Destaco por mi pensamiento crítico."
CAND_323,Adriana Ruiz,8.7,8.2,A1,False,"Desarrollador mobile con negociación y experiencia en publicación de apps. Stack: Docker, Go, CI/CD móvil."
CAND_324,David Peña,1.2,3.1,C2,True,"Cloud engineer certificado en AWS/Azure. Diseña arquitecturas escalables con Next.js, Kotlin y Terraform."
CAND_325,Sofía Delgado,2.7,4.3,C1,False,"Data engineer especializado en pipelines ETL, data lakes y procesamiento en tiempo real con Kotlin, Svelte y Spark."
CAND_326,Miguel Iglesias,0.4,2.9,B2,False,"Como Data Scientist, combino 0.4 años de experiencia con Go, Redis para ofrecer soluciones innovadoras en realidad aumentada."
CAND_327,Verónica Pérez,2.7,3.9,B2,False,Ingeniero backend con 2.7 años construyendo sistemas escalables en realidad aumentada. Manejo avanzado de FastAPI y Go.
CAND_328,Mateo Cortés,4.1,2.5,A1,True,"Technical lead con 4.1 años liderando equipos en internet de las cosas. Stack técnico: NestJS, Java. Promueve adaptabilidad en el equipo."
CAND_329,Sebastián Mendoza,2.5,5.1,B1,True,"Backend engineer con negociación especializado en APIs REST y microservicios. Experiencia con FastAPI, Azure y bases de datos SQL/NoSQL."
CAND_330,Sofía Gómez,1.2,1.0,B2,True,Fullstack developer con proactividad y 1.2 años construyendo soluciones end-to-end con Kafka en frontend y AWS en backend.
CAND_331,Javier Campos,1.7,1.3,B1,False,"Backend developer con experiencia en integración de servicios, colas de mensajería y despliegues cloud usando Svelte, React y Docker."
CAND_332,Luis Cruz,1.7,3.8,B2,True,"Mi enfoque como Machine Learning Engineer se centra en marketing digital, con experiencia en C#, Kotlin y un fuerte compromiso con la calidad y resolución de problemas."
CAND_333,Laura García,0.0,2.2,A2,True,"Como Data Engineer, combino 0.0 años de experiencia con Kubernetes, Express.js para ofrecer soluciones innovadoras en plataformas SaaS."
CAND_334,Sara Fernández,4.6,6.1,B1,True,"Como Product Manager, he desarrollado una sólida experiencia en big data, trabajando con Rust, Azure y destacando por mi comunicación efectiva."
CAND_335,David Fuentes,0.8,2.3,A2,True,"Desarrollador Software Engineer con 0.8 años de experiencia en educación. Stack principal: Kubernetes, Django, Python. Destaca por creatividad."
CAND_336,Paula Cortés,0.2,2.0,B2,False,"Ingeniero de calidad con enfoque en automatización empresarial. Implementa pruebas unitarias, de integración y E2E con Svelte y PostgreSQL."
CAND_337,Nicolás Medina,0.4,1.2,A1,True,"Como Security Engineer, he desarrollado una sólida experiencia en e-commerce, trabajando con Rust, Java y destacando por mi comunicación efectiva."
CAND_338,Catalina Fernández,2.1,1.0,C1,True,"Technical lead con 2.1 años liderando equipos en realidad aumentada. Stack técnico: C#, Kotlin. Promueve trabajo en equipo en el equipo."
CAND_339,Manuela Vega,3.4,6.1,A2,False,"Software engineer con experiencia en sistemas distribuidos y alta disponibilidad usando Java, MySQL y prácticas DevOps."
CAND_340,Gabriel Silva,6.8,7.5,B1,False,"Desarrollador polivalente con colaboración. Experiencia en todo el ciclo de vida del software con GCP, MySQL y entrega continua."
CAND_341,Diego Mendoza,8.1,9.5,B2,True,"Desarrollador fullstack con proactividad. Experiencia en frontend moderno (C#), backend escalable (SQL Server) y cloud."
CAND_342,Nicolás Delgado,0.7,1.0,B2,False,"Especialista en seguridad informática para plataformas SaaS. Implementa políticas de seguridad, pentesting y monitoreo con MongoDB."
CAND_343,Andrés Navarro,3.2,3.4,C1,True,Fullstack developer con pensamiento crítico y 3.2 años construyendo soluciones end-to-end con FastAPI en frontend y Angular en backend.
CAND_344,Isabella Ortega,1.4,1.0,A2,True,"Como Mobile Developer, combino 1.4 años de experiencia con Docker, Kubernetes para ofrecer soluciones innovadoras en e-commerce."
CAND_345,Tatiana Guerrero,1.1,1.5,B2,False,"Ingeniero de calidad con enfoque en plataformas SaaS. Implementa pruebas unitarias, de integración y E2E con MongoDB y Kafka."
CAND_346,Mariana Vargas,0.7,1.0,B1,True,"Machine Learning engineer con 0.7 años construyendo pipelines de datos y modelos predictivos para finanzas. Usa Swift, Java y Python."
CAND_347,Mariana Rojas,2.7,5.4,B2,True,"Soy Security Engineer con 2.7 años de experiencia en retail. Stack principal: Svelte, PostgreSQL. Destaco por mi negociación."
CAND_348,Felipe Vega,4.3,3.2,C2,True,"Desarrollador frontend con comunicación efectiva. Domina SQL Server, Kotlin y testing de componentes. Enfoque en accesibilidad y rendimiento."
CAND_349,Claudia Delgado,1.2,1.0,B1,False,"Mi enfoque como Fullstack Developer se centra en automatización empresarial, con experiencia en Swift, Docker y un fuerte compromiso con la calidad y creatividad."
CAND_350,Isabella Navarro,0.7,3.1,C1,True,"Data scientist con liderazgo técnico. Experiencia en automatización empresarial análisis de datos, feature engineering y despliegue de modelos con NestJS y Express.js."
CAND_351,Sebastián Herrera,1.8,1.0,A2,False,"Mi perfil como Backend Developer combina 1.8 años de experiencia, Redis, Swift y un fuerte enfoque en finanzas."
CAND_352,Carlos López,4.1,2.3,B1,True,"Como Mobile Developer, combino 4.1 años de experiencia con Kubernetes, Angular para ofrecer soluciones innovadoras en internet de las cosas."
CAND_353,Julia Cortés,0.8,1.0,B2,True,"Backend engineer con adaptabilidad especializado en APIs REST y microservicios. Experiencia con Express.js, Kotlin y bases de datos SQL/NoSQL."
CAND_354,Lorena Cortés,3.5,4.9,B1,False,"Como Frontend Developer, he desarrollado una sólida experiencia en big data, trabajando con Svelte, Flask y destacando por mi colaboración."
CAND_355,Natalia Guerrero,6.1,5.1,C2,False,"Technical lead con 6.1 años liderando equipos en salud. Stack técnico: FastAPI, PostgreSQL. Promueve negociación en el equipo."
CAND_356,Mariana Torres,3.2,2.9,C2,True,"Como DevOps Engineer, he desarrollado una sólida experiencia en inteligencia artificial, trabajando con Vue, Docker y destacando por mi proactividad."
CAND_357,Pablo Castro,0.5,1.0,C1,True,"Technical lead con 0.5 años liderando equipos en salud. Stack técnico: React, Docker. Promueve trabajo en equipo en el equipo."
CAND_358,Pablo Morales,1.5,1.0,B2,True,"Backend developer con experiencia en integración de servicios, colas de mensajería y despliegues cloud usando Flask, AWS y Docker."
CAND_359,Valentina Cortés,0.9,1.0,A2,True,"Desarrollador Data Engineer con 0.9 años de experiencia en blockchain. Stack principal: Angular, PostgreSQL, Python. Destaca por pensamiento crítico."
CAND_360,Miguel Mendoza,1.5,2.2,A2,False,"Frontend developer con proactividad especializado en FastAPI y ecosistema C#. Crea interfaces modernas, accesibles y con buen rendimiento."
CAND_361,Samuel Vargas,3.3,2.2,B1,False,"Especializado en blockchain, mi experiencia como Solutions Architect abarca Kubernetes, FastAPI y un sólido historial de empatía."
CAND_362,Verónica Cortés,2.3,1.2,B1,False,Ingeniero backend con 2.3 años construyendo sistemas escalables en big data. Manejo avanzado de SQL Server y Next.js.
CAND_363,Luis Vega,4.8,4.6,A2,True,"Desarrollador polivalente con gestión del tiempo. Experiencia en todo el ciclo de vida del software con Go, JavaScript y entrega continua."
CAND_364,Carlos Fernández,3.4,4.5,B2,True,"DevOps engineer con proactividad y 3.4 años automatizando infraestructura. Stack: Kafka, GCP, Docker, Kubernetes y CI/CD."
CAND_365,Tatiana López,1.1,3.0,A2,False,"Security engineer con colaboración. Experiencia en ciberseguridad, análisis de vulnerabilidades y DevSecOps con MySQL y NestJS."
CAND_366,Claudia Ruiz,3.6,4.9,C1,True,"Mi enfoque como Site Reliability Engineer se centra en inteligencia artificial, con experiencia en Vue, Django y un fuerte compromiso con la calidad y gestión del tiempo."
CAND_367,Felipe Santos,1.8,2.5,C1,False,"QA engineer con pensamiento crítico y 1.8 años en automatización de pruebas. Experiencia con AWS, GCP y frameworks de testing."
CAND_368,Luis Acosta,1.7,3.5,C1,False,"Frontend engineer apasionado por UX/UI con 1.7 años usando Angular, Kafka y diseño responsive. Experiencia en retail."
CAND_369,Adriana Guerrero,5.8,7.6,B1,False,"Data engineer especializado en pipelines ETL, data lakes y procesamiento en tiempo real con Django, Express.js y Spark."
CAND_370,Ricardo Herrera,3.9,4.6,A2,True,"Ingeniero de software con adaptabilidad y 3.9 años en automatización empresarial. Maneja React, Svelte y metodologías ágiles. Mentor de equipos técnicos."
CAND_371,Daniela Medina,1.2,3.5,C2,False,"QA engineer con pensamiento crítico y 1.2 años en automatización de pruebas. Experiencia con Kotlin, Swift y frameworks de testing."
CAND_372,Mateo Guerrero,1.8,4.0,A1,False,"Especializado en microservicios, mi experiencia como QA Engineer abarca AWS, NestJS y un sólido historial de trabajo en equipo."
CAND_373,Fernanda Torres,0.1,1.0,C1,False,"Desarrollador mobile con proactividad y experiencia en publicación de apps. Stack: TypeScript, Kubernetes, CI/CD móvil."
CAND_374,Samuel Campos,0.1,1.0,C1,True,"Mi enfoque como Technical Lead se centra en inteligencia artificial, con experiencia en Svelte, Kotlin y un fuerte compromiso con la calidad y colaboración."
CAND_375,Alejandro García,0.2,3.2,B2,False,"A lo largo de mi carrera como Site Reliability Engineer he trabajado en proyectos de automatización empresarial, utilizando tecnologías como Java, Kafka y destacando por mi adaptabilidad."
CAND_376,Paula Fuentes,1.4,2.3,C1,True,"Especializado en inteligencia artificial, mi experiencia como Frontend Developer abarca Docker, Flask y un sólido historial de liderazgo técnico."
CAND_377,Lorena Silva,1.6,1.0,C2,True,"Especializado en e-commerce, mi experiencia como Site Reliability Engineer abarca MongoDB, SQL Server y un sólido historial de creatividad."
CAND_378,Laura Campos,1.1,1.0,B1,True,"Desarrollador Frontend Developer con 1.1 años de experiencia en big data. Stack principal: MongoDB, FastAPI, Python. Destaca por adaptabilidad."
CAND_379,Carlos Martínez,1.6,1.6,B1,True,"Site Reliability Engineer con experiencia en realidad aumentada. Garantiza disponibilidad y rendimiento usando Redis, Go y monitoreo avanzado."
CAND_380,Lucía Molina,1.1,1.0,B2,True,"Desarrollador frontend con negociación. Domina Kafka, Next.js y testing de componentes. Enfoque en accesibilidad y rendimiento."
CAND_381,Verónica Cabrera,1.1,1.0,B2,False,"Mi perfil como Site Reliability Engineer combina 1.1 años de experiencia, Java, Svelte y un fuerte enfoque en salud."
CAND_382,Miguel Guerrero,0.8,1.0,B2,True,"Security engineer con colaboración. Experiencia en ciberseguridad, análisis de vulnerabilidades y DevSecOps con MongoDB y MySQL."
CAND_383,Sofía Rojas,3.4,2.2,C1,False,"Data engineer especializado en pipelines ETL, data lakes y procesamiento en tiempo real con Redis, Kafka y Spark."
CAND_384,Andrés Flores,3.8,5.5,B2,True,"Mi enfoque como Site Reliability Engineer se centra en marketing digital, con experiencia en JavaScript, TypeScript y un fuerte compromiso con la calidad y negociación."
CAND_385,Gabriel Martínez,4.8,4.0,C2,True,"Especialista en seguridad informática para marketing digital. Implementa políticas de seguridad, pentesting y monitoreo con GCP."
CAND_386,Rocío Iglesias,0.1,1.8,B1,True,"Frontend developer con trabajo en equipo especializado en TypeScript y ecosistema Next.js. Crea interfaces modernas, accesibles y con buen rendimiento."
CAND_387,Pedro Ramírez,4.3,2.7,C1,True,Mobile developer con 4.3 años creando apps nativas y multiplataforma con TypeScript y Flask. Orientado a big data.
CAND_388,Emilio Flores,4.3,5.8,B1,False,"QA engineer con gestión del tiempo y 4.3 años en automatización de pruebas. Experiencia con Angular, Kubernetes y frameworks de testing."
CAND_389,Manuela Cortés,0.4,1.0,C1,True,"Como Security Engineer especializado en big data, aporto 0.4 años de experiencia, Swift, GCP y comunicación efectiva."
CAND_390,Felipe Rodríguez,0.6,1.0,B1,False,"Machine Learning engineer con 0.6 años construyendo pipelines de datos y modelos predictivos para e-commerce. Usa Kubernetes, Java y Python."
CAND_391,Elena Flores,1.8,3.3,B2,True,"Desarrollador Data Scientist con 1.8 años de experiencia en automatización empresarial. Stack principal: FastAPI, PostgreSQL, Python. Destaca por comunicación efectiva."
CAND_392,Ana Iglesias,4.2,3.6,B1,True,"Frontend engineer apasionado por UX/UI con 4.2 años usando PostgreSQL, Docker y diseño responsive. Experiencia en realidad aumentada."
CAND_393,Julián Rivas,2.6,2.5,B2,False,"Security engineer con creatividad. Experiencia en ciberseguridad, análisis de vulnerabilidades y DevSecOps con C# y Next.js."
CAND_394,Diego Torres,3.7,5.6,B2,True,"Cloud engineer certificado en AWS/Azure. Diseña arquitecturas escalables con NestJS, GCP y Terraform."
CAND_395,Tatiana Vargas,1.0,1.0,B2,False,"A lo largo de mi carrera como Backend Engineer he trabajado en proyectos de realidad aumentada, utilizando tecnologías como GCP, C# y destacando por mi gestión del tiempo."
CAND_396,Felipe García,3.2,3.7,B1,True,"QA engineer con trabajo en equipo y 3.2 años en automatización de pruebas. Experiencia con PostgreSQL, AWS y frameworks de testing."
CAND_397,Luis Aguilar,2.1,3.2,C2,True,Ingeniero backend con 2.1 años construyendo sistemas escalables en ciber seguridad. Manejo avanzado de JavaScript y Vue.
CAND_398,Sebastián Acosta,6.6,5.2,C1,True,"Backend developer con experiencia en integración de servicios, colas de mensajería y despliegues cloud usando AWS, NestJS y Docker."
CAND_399,Lucía Paredes,1.5,1.0,A1,True,"DevOps engineer con proactividad y 1.5 años automatizando infraestructura. Stack: JavaScript, MongoDB, Docker, Kubernetes y CI/CD."
CAND_400,Laura Pérez,3.0,3.6,C1,True,"Data scientist con resolución de problemas. Experiencia en plataformas SaaS análisis de datos, feature engineering y despliegue de modelos con Next.js y NestJS."
CAND_401,Miguel Torres,1.7,2.2,B1,True,"Desarrollador mobile con gestión del tiempo y experiencia en publicación de apps. Stack: GCP, Next.js, CI/CD móvil."
CAND_402,Natalia Pérez,4.9,4.2,B2,False,"Como Fullstack Developer especializado en internet de las cosas, aporto 4.9 años de experiencia, C#, Kubernetes y pensamiento crítico."
CAND_403,Mateo Rojas,3.8,5.0,A2,False,"Como Security Engineer, combino 3.8 años de experiencia con React, Go para ofrecer soluciones innovadoras en educación."
CAND_404,Sara Mendoza,0.7,1.0,C2,True,"Como Data Engineer, combino 0.7 años de experiencia con Redis, Kotlin para ofrecer soluciones innovadoras en blockchain."
CAND_405,Carlos Herrera,4.4,5.9,A2,True,"Cloud engineer certificado en AWS/Azure. Diseña arquitecturas escalables con Rust, Docker y Terraform."
CAND_406,Natalia Vega,5.9,8.6,A2,False,"Frontend engineer apasionado por UX/UI con 5.9 años usando Vue, Azure y diseño responsive. Experiencia en internet de las cosas."
CAND_407,Martín Castro,2.3,2.5,B2,True,Ingeniero backend con 2.3 años construyendo sistemas escalables en inteligencia artificial. Manejo avanzado de Java y PostgreSQL.
CAND_408,Paula Navarro,1.0,1.0,B2,False,"Machine Learning engineer con 1.0 años construyendo pipelines de datos y modelos predictivos para inteligencia artificial. Usa Flask, Go y Python."
CAND_409,Tatiana Cabrera,7.2,6.3,B1,False,"Backend developer con experiencia en integración de servicios, colas de mensajería y despliegues cloud usando NestJS, Kubernetes y Docker."
CAND_410,Miguel Molina,5.0,7.3,B2,False,"Desarrollador polivalente con trabajo en equipo. Experiencia en todo el ciclo de vida del software con C#, Next.js y entrega continua."
CAND_411,Javier Cruz,4.5,3.9,A1,True,"Mi perfil como Software Engineer combina 4.5 años de experiencia, Redis, SQL Server y un fuerte enfoque en educación."
CAND_412,Nicolás Flores,3.2,5.7,B2,True,"Security engineer con pensamiento crítico. Experiencia en ciberseguridad, análisis de vulnerabilidades y DevSecOps con Python y Rust."
CAND_413,Lorena Medina,3.2,5.8,C1,True,"Desarrollador fullstack con comunicación efectiva. Experiencia en frontend moderno (Kotlin), backend escalable (Python) y cloud."
CAND_414,Hugo Cabrera,2.5,4.5,B1,True,"Data scientist con colaboración. Experiencia en big data análisis de datos, feature engineering y despliegue de modelos con Kubernetes y React."
CAND_415,Laura Martínez,4.6,6.9,C2,False,"Security engineer con gestión del tiempo. Experiencia en ciberseguridad, análisis de vulnerabilidades y DevSecOps con JavaScript y Kafka."
CAND_416,Adriana Reyes,0.2,1.0,B2,True,"A lo largo de mi carrera como DevOps Engineer he trabajado en proyectos de salud, utilizando tecnologías como TypeScript, JavaScript y destacando por mi proactividad."
CAND_417,Fernanda García,1.3,3.6,B2,False,"Cloud engineer certificado en AWS/Azure. Diseña arquitecturas escalables con NestJS, MySQL y Terraform."
CAND_418,Laura Peña,1.1,1.8,C1,False,"Cloud engineer certificado en AWS/Azure. Diseña arquitecturas escalables con AWS, Django y Terraform."
CAND_419,Natalia Torres,3.5,5.8,A2,True,"Mi perfil como Fullstack Developer combina 3.5 años de experiencia, Kubernetes, MySQL y un fuerte enfoque en blockchain."
CAND_420,Samuel Vargas,7.5,9.6,C2,False,"Como QA Engineer, he desarrollado una sólida experiencia en educación, trabajando con MySQL, GCP y destacando por mi empatía."
CAND_421,Valentina Reyes,0.3,1.0,A2,True,"Site Reliability Engineer con experiencia en internet de las cosas. Garantiza disponibilidad y rendimiento usando Python, React y monitoreo avanzado."
CAND_422,Carlos Fuentes,0.1,1.0,B1,False,"Especialista en seguridad informática para retail. Implementa políticas de seguridad, pentesting y monitoreo con TypeScript."
CAND_423,Camila Aguilar,2.7,1.3,C1,False,"Machine Learning engineer con 2.7 años construyendo pipelines de datos y modelos predictivos para realidad aumentada. Usa Swift, Express.js y Python."
CAND_424,Camila Silva,1.4,1.4,B1,False,"Como Machine Learning Engineer, combino 1.4 años de experiencia con Express.js, Swift para ofrecer soluciones innovadoras en realidad aumentada."
CAND_425,Valentina Mendoza,2.8,2.7,C2,False,"Especializado en finanzas, mi experiencia como Site Reliability Engineer abarca Swift, FastAPI y un sólido historial de trabajo en equipo."
CAND_426,Sofía Acosta,3.3,4.7,A2,True,"Machine Learning engineer con 3.3 años construyendo pipelines de datos y modelos predictivos para educación. Usa Express.js, TypeScript y Python."
CAND_427,Alejandro Rojas,1.5,1.5,A1,False,"Ingeniero de software con creatividad y 1.5 años en tecnología financiera. Maneja SQL Server, GCP y metodologías ágiles. Mentor de equipos técnicos."
CAND_428,Javier Jiménez,1.3,1.0,A1,True,"Mi perfil como Technical Lead combina 1.3 años de experiencia, JavaScript, Angular y un fuerte enfoque en inteligencia artificial."
CAND_429,Isabella Mendoza,0.6,1.6,C1,True,"Especializado en internet de las cosas, mi experiencia como Technical Lead abarca AWS, SQL Server y un sólido historial de creatividad."
CAND_430,Valeria Silva,0.8,2.2,B1,False,"Machine Learning engineer con 0.8 años construyendo pipelines de datos y modelos predictivos para microservicios. Usa MongoDB, Java y Python."
CAND_431,Valentina Santos,3.8,6.1,B2,True,"Desarrollador mobile con pensamiento crítico y experiencia en publicación de apps. Stack: JavaScript, Azure, CI/CD móvil."
CAND_432,Valentina Ramírez,2.4,1.9,B2,True,"Mi perfil como Fullstack Developer combina 2.4 años de experiencia, AWS, Kafka y un fuerte enfoque en tecnología financiera."
CAND_433,Paula Gómez,3.7,4.8,B2,False,"Cloud engineer certificado en AWS/Azure. Diseña arquitecturas escalables con Redis, Rust y Terraform."
CAND_434,Diego López,2.7,3.8,A2,False,"DevOps engineer con negociación y 2.7 años automatizando infraestructura. Stack: Go, Redis, Docker, Kubernetes y CI/CD."
CAND_435,María Guerrero,4.6,3.6,B2,True,"Soy Data Engineer con 4.6 años de experiencia en big data. Stack principal: AWS, Kafka. Destaco por mi trabajo en equipo."
CAND_436,Adriana Ruiz,2.2,1.7,A2,False,"Como Technical Lead, he desarrollado una sólida experiencia en ciber seguridad, trabajando con Angular, Kotlin y destacando por mi proactividad."
CAND_437,Camila Morales,3.6,6.4,A1,True,"A lo largo de mi carrera como Fullstack Developer he trabajado en proyectos de inteligencia artificial, utilizando tecnologías como Go, Docker y destacando por mi colaboración."
CAND_438,Camila Santos,2.3,4.3,C1,True,"Frontend developer con negociación especializado en Angular y ecosistema Swift. Crea interfaces modernas, accesibles y con buen rendimiento."
CAND_439,Paula Aguilar,1.0,2.4,B1,True,"Como Frontend Developer, combino 1.0 años de experiencia con Django, Kotlin para ofrecer soluciones innovadoras en salud."
CAND_440,Camila Silva,1.6,1.0,B2,True,"DevOps engineer con gestión del tiempo y 1.6 años automatizando infraestructura. Stack: AWS, Kafka, Docker, Kubernetes y CI/CD."
CAND_441,Alejandro Rivas,0.3,1.0,B1,False,"Soy Backend Developer con 0.3 años de experiencia en microservicios. Stack principal: FastAPI, Express.js. Destaco por mi resolución de problemas."
CAND_442,Felipe Martínez,1.7,2.2,B2,True,"Desarrollador polivalente con pensamiento crítico. Experiencia en todo el ciclo de vida del software con Java, Go y entrega continua."
CAND_443,Fernanda Acosta,7.7,7.5,B2,True,"QA engineer con comunicación efectiva y 7.7 años en automatización de pruebas. Experiencia con Django, React y frameworks de testing."
CAND_444,Rocío Pérez,1.6,1.3,B1,False,"Desarrollador polivalente con resolución de problemas. Experiencia en todo el ciclo de vida del software con Svelte, JavaScript y entrega continua."
CAND_445,Claudia Rivas,6.2,7.1,B1,False,"Security engineer con negociación. Experiencia en ciberseguridad, análisis de vulnerabilidades y DevSecOps con MySQL y JavaScript."
CAND_446,Daniela Reyes,3.4,2.5,C1,False,"Cloud engineer certificado en AWS/Azure. Diseña arquitecturas escalables con PostgreSQL, NestJS y Terraform."
CAND_447,Isabella Fernández,2.4,1.6,C1,False,Fullstack developer con trabajo en equipo y 2.4 años construyendo soluciones end-to-end con Swift en frontend y Kafka en backend.
CAND_448,Catalina Iglesias,3.4,6.0,A2,False,"Fullstack engineer apasionado por retail. Trabaja con PostgreSQL, JavaScript y bases de datos. Reconocido por su proactividad."
CAND_449,Alejandro Mendoza,1.7,2.0,B2,True,"Desarrollador mobile con comunicación efectiva y experiencia en publicación de apps. Stack: Flask, JavaScript, CI/CD móvil."
CAND_450,Elena López,0.5,1.0,B2,True,"Especializado en retail, mi experiencia como Python Developer abarca GCP, Java y un sólido historial de empatía."
CAND_451,Julia Cabrera,0.1,1.1,B2,True,"Mi perfil como QA Engineer combina 0.1 años de experiencia, PostgreSQL, Svelte y un fuerte enfoque en plataformas SaaS."
CAND_452,Mariana Ramírez,2.7,3.1,C1,True,Fullstack developer con creatividad y 2.7 años construyendo soluciones end-to-end con Flask en frontend y Kafka en backend.
CAND_453,Pablo Fuentes,0.9,1.0,B2,False,"Especializado en inteligencia artificial, mi experiencia como Backend Developer abarca Docker, SQL Server y un sólido historial de negociación."
CAND_454,Felipe Guerrero,0.4,2.3,B2,False,"A lo largo de mi carrera como QA Engineer he trabajado en proyectos de big data, utilizando tecnologías como Vue, PostgreSQL y destacando por mi comunicación efectiva."
CAND_455,Fernanda Rivas,1.7,1.9,B1,False,"Site Reliability Engineer con experiencia en e-commerce. Garantiza disponibilidad y rendimiento usando GCP, Go y monitoreo avanzado."
CAND_456,David Ortega,2.2,1.6,A1,True,"Frontend developer con negociación especializado en NestJS y ecosistema MongoDB. Crea interfaces modernas, accesibles y con buen rendimiento."
CAND_457,Gabriel Castro,0.8,3.2,B2,False,"Data engineer especializado en pipelines ETL, data lakes y procesamiento en tiempo real con NestJS, Rust y Spark."
CAND_458,Lorena Cruz,4.1,2.7,B2,True,"DevOps engineer con adaptabilidad y 4.1 años automatizando infraestructura. Stack: Kotlin, React, Docker, Kubernetes y CI/CD."
CAND_459,Tatiana Morales,2.2,4.5,B1,False,"Technical lead con 2.2 años liderando equipos en microservicios. Stack técnico: C#, PostgreSQL. Promueve comunicación efectiva en el equipo."
CAND_460,Tomás Herrera,3.1,2.4,B1,True,"DevOps engineer con pensamiento crítico y 3.1 años automatizando infraestructura. Stack: C#, React, Docker, Kubernetes y CI/CD."
CAND_461,Javier Cortés,5.5,4.2,A2,True,"A lo largo de mi carrera como Machine Learning Engineer he trabajado en proyectos de salud, utilizando tecnologías como Vue, GCP y destacando por mi gestión del tiempo."
CAND_462,Julia Martínez,6.5,6.5,B2,True,"Desarrollador mobile con empatía y experiencia en publicación de apps. Stack: TypeScript, Rust, CI/CD móvil."
CAND_463,Valeria Herrera,2.3,1.1,C1,True,"Security engineer con trabajo en equipo. Experiencia en ciberseguridad, análisis de vulnerabilidades y DevSecOps con Go y Next.js."
CAND_464,Sebastián Cruz,5.3,4.1,B2,True,"DevOps engineer con creatividad y 5.3 años automatizando infraestructura. Stack: C#, Go, Docker, Kubernetes y CI/CD."
CAND_465,Andrés Ruiz,1.3,4.1,A2,False,"Ingeniero de calidad con enfoque en big data. Implementa pruebas unitarias, de integración y E2E con GCP y Go."
CAND_466,Alejandro Ruiz,1.1,2.0,B1,True,"Backend engineer con gestión del tiempo especializado en APIs REST y microservicios. Experiencia con Svelte, Rust y bases de datos SQL/NoSQL."
CAND_467,Martín Aguilar,0.6,3.1,B1,True,"Security engineer con gestión del tiempo. Experiencia en ciberseguridad, análisis de vulnerabilidades y DevSecOps con Express.js y Kotlin."
CAND_468,Juan Ruiz,0.5,1.0,C2,True,"Security engineer con comunicación efectiva. Experiencia en ciberseguridad, análisis de vulnerabilidades y DevSecOps con Kubernetes y MySQL."
CAND_469,Paula Pérez,2.3,3.5,C1,True,"Desarrollador Backend Developer con 2.3 años de experiencia en ciber seguridad. Stack principal: Next.js, Angular, Python. Destaca por colaboración."
CAND_470,Manuela Navarro,3.7,2.6,C2,False,"Frontend developer con resolución de problemas especializado en C# y ecosistema FastAPI. Crea interfaces modernas, accesibles y con buen rendimiento."
CAND_471,Andrés Rojas,0.6,1.7,B1,True,"A lo largo de mi carrera como Software Engineer he trabajado en proyectos de salud, utilizando tecnologías como TypeScript, AWS y destacando por mi comunicación efectiva."
CAND_472,Sofía Paredes,1.5,4.4,B1,False,"Especializado en finanzas, mi experiencia como Backend Developer abarca Kafka, Kubernetes y un sólido historial de trabajo en equipo."
CAND_473,Samuel Aguilar,0.7,1.0,B2,False,"Desarrollador polivalente con negociación. Experiencia en todo el ciclo de vida del software con PostgreSQL, Docker y entrega continua."
CAND_474,Julia Gómez,4.4,6.2,B1,True,"Desarrollador polivalente con empatía. Experiencia en todo el ciclo de vida del software con Svelte, Python y entrega continua."
CAND_475,Verónica Mendoza,1.3,1.0,B2,True,"Data scientist con creatividad. Experiencia en logística análisis de datos, feature engineering y despliegue de modelos con TypeScript y Go."
CAND_476,Isabella Molina,2.5,1.1,B2,False,"Frontend developer con colaboración especializado en MongoDB y ecosistema Redis. Crea interfaces modernas, accesibles y con buen rendimiento."
CAND_477,Hugo Fuentes,1.3,1.0,C2,True,"Security engineer con colaboración. Experiencia en ciberseguridad, análisis de vulnerabilidades y DevSecOps con Express.js y Next.js."
CAND_478,Lorena Medina,1.4,2.8,A1,True,"Data engineer especializado en pipelines ETL, data lakes y procesamiento en tiempo real con Flask, Kafka y Spark."
CAND_479,Iván Aguilar,0.3,1.0,C1,True,Mobile developer con 0.3 años creando apps nativas y multiplataforma con Python y Go. Orientado a automatización empresarial.
CAND_480,Ricardo Martínez,3.1,4.8,C2,True,"Backend developer con experiencia en integración de servicios, colas de mensajería y despliegues cloud usando AWS, PostgreSQL y Docker."
CAND_481,Adriana Acosta,1.7,1.0,B2,False,"Como Site Reliability Engineer, combino 1.7 años de experiencia con Flask, Svelte para ofrecer soluciones innovadoras en big data."
CAND_482,Iván Sánchez,1.8,1.3,C1,False,Ingeniero backend con 1.8 años construyendo sistemas escalables en marketing digital. Manejo avanzado de MySQL y Docker.
CAND_483,Nicolás Cruz,1.8,1.6,A2,True,"Desarrollador mobile con gestión del tiempo y experiencia en publicación de apps. Stack: Vue, Rust, CI/CD móvil."
CAND_484,Tatiana Mendoza,2.8,5.6,B1,False,"QA engineer con comunicación efectiva y 2.8 años en automatización de pruebas. Experiencia con Kubernetes, Kafka y frameworks de testing."
CAND_485,Valentina Navarro,1.4,2.6,B1,False,"Mi perfil como Software Engineer combina 1.4 años de experiencia, MongoDB, Next.js y un fuerte enfoque en retail."
CAND_486,Valeria Vega,1.8,1.0,B2,True,"Ingeniero de calidad con enfoque en ciber seguridad. Implementa pruebas unitarias, de integración y E2E con Python y Kotlin."
CAND_487,Javier Cabrera,2.7,3.5,B1,False,"Frontend engineer apasionado por UX/UI con 2.7 años usando C#, Redis y diseño responsive. Experiencia en retail."
CAND_488,Paula Castro,0.7,1.0,B2,True,"Como QA Engineer, combino 0.7 años de experiencia con Django, FastAPI para ofrecer soluciones innovadoras en ciber seguridad."
CAND_489,Valeria Cabrera,0.1,1.2,A2,True,"Ingeniero de software con creatividad y 0.1 años en microservicios. Maneja Azure, Python y metodologías ágiles. Mentor de equipos técnicos."
CAND_490,Lucía Torres,0.8,1.7,C1,True,Mobile developer con 0.8 años creando apps nativas y multiplataforma con SQL Server y Kafka. Orientado a e-commerce.
CAND_491,Elena Jiménez,1.6,3.5,B2,True,"Frontend engineer apasionado por UX/UI con 1.6 años usando SQL Server, PostgreSQL y diseño responsive. Experiencia en automatización empresarial."
CAND_492,Alejandro Castro,1.8,4.4,A1,False,"Security engineer con proactividad. Experiencia en ciberseguridad, análisis de vulnerabilidades y DevSecOps con C# y PostgreSQL."
CAND_493,Alejandro Flores,0.9,3.0,B1,True,Fullstack developer con gestión del tiempo y 0.9 años construyendo soluciones end-to-end con TypeScript en frontend y FastAPI en backend.
CAND_494,Rocío Castro,3.2,5.0,B2,True,"Frontend engineer apasionado por UX/UI con 3.2 años usando TypeScript, Docker y diseño responsive. Experiencia en e-commerce."
CAND_495,Samuel Rodríguez,0.3,1.0,B2,True,"Ingeniero de software con trabajo en equipo y 0.3 años en big data. Maneja Vue, JavaScript y metodologías ágiles. Mentor de equipos técnicos."
CAND_496,Pedro Ramírez,1.6,1.2,B2,True,Ingeniero backend con 1.6 años construyendo sistemas escalables en big data. Manejo avanzado de FastAPI y TypeScript.
CAND_497,Sebastián Aguilar,4.3,4.8,B2,True,"Site Reliability Engineer con experiencia en plataformas SaaS. Garantiza disponibilidad y rendimiento usando Express.js, Kotlin y monitoreo avanzado."
CAND_498,Sofía Medina,0.1,1.0,C1,True,"Frontend engineer apasionado por UX/UI con 0.1 años usando Rust, Python y diseño responsive. Experiencia en microservicios."
CAND_499,Andrés López,1.3,2.4,B2,False,"Como Mobile Developer, he desarrollado una sólida experiencia en inteligencia artificial, trabajando con Svelte, PostgreSQL y destacando por mi liderazgo técnico."
CAND_500,Lucía Flores,3.3,3.7,B2,True,"Desarrollador QA Engineer con 3.3 años de experiencia en logística. Stack principal: Django, Java, Python. Destaca por empatía."
CAND_501,Tatiana Ramírez,0.8,2.0,A1,True,"Mi perfil como Frontend Developer combina 0.8 años de experiencia, Django, Docker y un fuerte enfoque en internet de las cosas."
CAND_502,Felipe Jiménez,1.9,4.0,A1,True,"Data engineer especializado en pipelines ETL, data lakes y procesamiento en tiempo real con TypeScript, NestJS y Spark."
CAND_503,Juan Medina,0.0,1.0,C1,True,"Desarrollador polivalente con trabajo en equipo. Experiencia en todo el ciclo de vida del software con React, MongoDB y entrega continua."
CAND_504,Felipe Guerrero,1.8,3.5,B2,False,"Frontend developer con liderazgo técnico especializado en Express.js y ecosistema MongoDB. Crea interfaces modernas, accesibles y con buen rendimiento."
CAND_505,Julia Guerrero,4.6,2.8,C1,False,Fullstack developer con proactividad y 4.6 años construyendo soluciones end-to-end con Docker en frontend y Kotlin en backend.
CAND_506,Kevin Cortés,1.1,2.2,C2,False,"Como Fullstack Developer especializado en salud, aporto 1.1 años de experiencia, Docker, PostgreSQL y resolución de problemas."
CAND_507,María Santos,0.2,1.5,A2,False,"Mi perfil como Backend Developer combina 0.2 años de experiencia, NestJS, Svelte y un fuerte enfoque en realidad aumentada."
CAND_508,Tatiana Pérez,2.8,4.4,B1,True,"A lo largo de mi carrera como QA Engineer he trabajado en proyectos de realidad aumentada, utilizando tecnologías como MySQL, Kubernetes y destacando por mi comunicación efectiva."
CAND_509,Emilio Aguilar,3.8,3.4,B2,False,"Desarrollador polivalente con empatía. Experiencia en todo el ciclo de vida del software con FastAPI, Django y entrega continua."
CAND_510,Lorena Pérez,6.8,8.4,A2,True,"Software engineer con experiencia en sistemas distribuidos y alta disponibilidad usando TypeScript, SQL Server y prácticas DevOps."
CAND_511,Kevin Peña,1.1,4.1,C2,True,"Backend developer con experiencia en integración de servicios, colas de mensajería y despliegues cloud usando Next.js, C# y Docker."
CAND_512,Lorena Iglesias,1.3,3.1,B2,False,"Technical lead con 1.3 años liderando equipos en logística. Stack técnico: Java, C#. Promueve proactividad en el equipo."
CAND_513,Iván Gómez,3.7,3.4,B2,False,"Especialista en seguridad informática para realidad aumentada. Implementa políticas de seguridad, pentesting y monitoreo con Angular."
CAND_514,Ana Jiménez,2.8,5.5,B2,True,"Technical lead con 2.8 años liderando equipos en automatización empresarial. Stack técnico: MySQL, GCP. Promueve resolución de problemas en el equipo."
CAND_515,Isabella Rojas,2.1,1.0,B2,False,"Mi perfil como Site Reliability Engineer combina 2.1 años de experiencia, Kotlin, JavaScript y un fuerte enfoque en finanzas."
CAND_516,Adriana Reyes,2.4,3.7,A1,False,"Mi enfoque como Fullstack Developer se centra en automatización empresarial, con experiencia en JavaScript, FastAPI y un fuerte compromiso con la calidad y creatividad."
CAND_517,Ana Paredes,1.9,4.6,B2,False,"Como DevOps Engineer, combino 1.9 años de experiencia con MongoDB, PostgreSQL para ofrecer soluciones innovadoras en automatización empresarial."
CAND_518,Camila Molina,0.9,3.2,B2,True,"Ingeniero de software con empatía y 0.9 años en finanzas. Maneja Python, C# y metodologías ágiles. Mentor de equipos técnicos."
CAND_519,Pablo Cruz,3.5,1.9,B1,False,"Desarrollador frontend con comunicación efectiva. Domina Go, C# y testing de componentes. Enfoque en accesibilidad y rendimiento."
CAND_520,Lorena Rivas,1.9,1.0,B1,False,"Machine Learning engineer con 1.9 años construyendo pipelines de datos y modelos predictivos para inteligencia artificial. Usa GCP, Express.js y Python."
CAND_521,Elena Aguilar,1.4,3.4,B1,True,"A lo largo de mi carrera como Site Reliability Engineer he trabajado en proyectos de internet de las cosas, utilizando tecnologías como FastAPI, Azure y destacando por mi resolución de problemas."
CAND_522,Tatiana Acosta,1.1,1.6,B2,False,"Especialista en seguridad informática para logística. Implementa políticas de seguridad, pentesting y monitoreo con TypeScript."
CAND_523,Martín Martínez,0.8,2.9,B1,False,"Desarrollador Machine Learning Engineer con 0.8 años de experiencia en ciber seguridad. Stack principal: C#, Django, Python. Destaca por resolución de problemas."
CAND_524,Pablo Guerrero,0.2,1.0,B1,False,Mobile developer con 0.2 años creando apps nativas y multiplataforma con GCP y AWS. Orientado a marketing digital.
CAND_525,Kevin Morales,5.2,7.8,C2,True,Fullstack developer con negociación y 5.2 años construyendo soluciones end-to-end con NestJS en frontend y Kotlin en backend.
CAND_526,Samuel Flores,6.3,5.5,B1,True,"A lo largo de mi carrera como Product Manager he trabajado en proyectos de marketing digital, utilizando tecnologías como Docker, SQL Server y destacando por mi gestión del tiempo."
CAND_527,Ana Ruiz,1.6,3.5,C2,True,"Site Reliability Engineer con experiencia en e-commerce. Garantiza disponibilidad y rendimiento usando Swift, Python y monitoreo avanzado."
CAND_528,Isabella Vega,5.4,7.1,C2,True,"QA engineer con empatía y 5.4 años en automatización de pruebas. Experiencia con Kubernetes, Swift y frameworks de testing."
CAND_529,Lorena Ortega,3.6,5.5,B2,True,"Data scientist con pensamiento crítico. Experiencia en logística análisis de datos, feature engineering y despliegue de modelos con Django y Kubernetes."
CAND_530,Julián Delgado,0.5,3.3,B1,True,"Machine Learning engineer con 0.5 años construyendo pipelines de datos y modelos predictivos para tecnología financiera. Usa Express.js, React y Python."
CAND_531,Nicolás Pérez,3.5,5.5,B2,False,"Desarrollador polivalente con proactividad. Experiencia en todo el ciclo de vida del software con AWS, Go y entrega continua."
CAND_532,Mariana Reyes,3.6,4.1,B2,False,"Frontend engineer apasionado por UX/UI con 3.6 años usando Express.js, C# y diseño responsive. Experiencia en ciber seguridad."
CAND_533,Sara Gómez,0.7,1.0,B2,False,"A lo largo de mi carrera como Mobile Developer he trabajado en proyectos de internet de las cosas, utilizando tecnologías como SQL Server, Redis y destacando por mi colaboración."
CAND_534,Fernanda Paredes,6.5,7.8,B1,True,"Soy Backend Engineer con 6.5 años de experiencia en realidad aumentada. Stack principal: Swift, SQL Server. Destaco por mi colaboración."
CAND_535,Ricardo Campos,1.8,4.7,B2,False,"Data scientist con pensamiento crítico. Experiencia en internet de las cosas análisis de datos, feature engineering y despliegue de modelos con Kotlin y FastAPI."
CAND_536,Julián Morales,0.7,1.0,B2,True,"Mi perfil como Python Developer combina 0.7 años de experiencia, Vue, Next.js y un fuerte enfoque en automatización empresarial."
CAND_537,Pablo Cortés,6.5,6.6,C1,False,"Machine Learning engineer con 6.5 años construyendo pipelines de datos y modelos predictivos para ciber seguridad. Usa PostgreSQL, Express.js y Python."
CAND_538,Manuela Peña,2.8,2.1,B1,False,"Mi perfil como QA Engineer combina 2.8 años de experiencia, MongoDB, Angular y un fuerte enfoque en blockchain."
CAND_539,Martín Vega,6.7,9.1,B2,True,"Frontend developer con proactividad especializado en C# y ecosistema JavaScript. Crea interfaces modernas, accesibles y con buen rendimiento."
CAND_540,Daniela Reyes,4.3,6.6,C1,False,"Especializado en retail, mi experiencia como Backend Developer abarca Kubernetes, Django y un sólido historial de colaboración."
CAND_541,Ana Molina,1.1,1.0,B2,True,"Data scientist con pensamiento crítico. Experiencia en internet de las cosas análisis de datos, feature engineering y despliegue de modelos con Kotlin y Next.js."
CAND_542,Juan Navarro,0.2,1.0,B1,True,"Site Reliability Engineer con experiencia en internet de las cosas. Garantiza disponibilidad y rendimiento usando JavaScript, Swift y monitoreo avanzado."
CAND_543,Julián Vega,0.4,1.0,C1,False,"Data scientist con comunicación efectiva. Experiencia en inteligencia artificial análisis de datos, feature engineering y despliegue de modelos con Kubernetes y Go."
CAND_544,Martín Iglesias,8.5,10.0,A1,False,"Como Solutions Architect, combino 8.5 años de experiencia con Rust, Vue para ofrecer soluciones innovadoras en marketing digital."
CAND_545,Mariana Pérez,3.6,3.4,C1,False,"Desarrollador fullstack con resolución de problemas. Experiencia en frontend moderno (Kotlin), backend escalable (React) y cloud."
CAND_546,Javier Iglesias,3.2,3.1,C2,True,Mobile developer con 3.2 años creando apps nativas y multiplataforma con Redis y AWS. Orientado a educación.
CAND_547,Sofía Sánchez,3.3,3.7,B2,True,"Backend developer con experiencia en integración de servicios, colas de mensajería y despliegues cloud usando Express.js, Kafka y Docker."
CAND_548,Manuela Guerrero,0.4,1.0,B2,True,"Mi perfil como Backend Engineer combina 0.4 años de experiencia, Rust, Express.js y un fuerte enfoque en marketing digital."
CAND_549,Luis Guerrero,5.8,4.0,B1,True,"Data engineer especializado en pipelines ETL, data lakes y procesamiento en tiempo real con NestJS, MySQL y Spark."
CAND_550,Sara Mendoza,8.5,8.7,B2,True,"Mi perfil como Site Reliability Engineer combina 8.5 años de experiencia, Flask, Swift y un fuerte enfoque en blockchain."
CAND_551,Diego Ruiz,1.1,2.6,B1,True,"Software engineer con experiencia en sistemas distribuidos y alta disponibilidad usando Java, NestJS y prácticas DevOps."
CAND_552,Pedro García,0.8,2.8,C1,True,Fullstack developer con colaboración y 0.8 años construyendo soluciones end-to-end con Python en frontend y Next.js en backend.
CAND_553,Verónica Sánchez,1.3,3.3,C1,True,"Desarrollador polivalente con gestión del tiempo. Experiencia en todo el ciclo de vida del software con Vue, Go y entrega continua."
CAND_554,Camila Rodríguez,1.1,1.6,A2,True,"Fullstack engineer apasionado por internet de las cosas. Trabaja con Svelte, Kubernetes y bases de datos. Reconocido por su proactividad."
CAND_555,Natalia Flores,6.4,8.2,C1,True,"Desarrollador Frontend Developer con 6.4 años de experiencia en e-commerce. Stack principal: PostgreSQL, FastAPI, Python. Destaca por gestión del tiempo."
CAND_556,Verónica Martínez,1.5,1.5,C2,False,"Software engineer con experiencia en sistemas distribuidos y alta disponibilidad usando Svelte, Redis y prácticas DevOps."
CAND_557,Samuel Molina,4.5,2.5,C2,False,"Backend developer con experiencia en integración de servicios, colas de mensajería y despliegues cloud usando MySQL, SQL Server y Docker."
CAND_558,Julia Vargas,3.7,2.7,C1,True,"Cloud engineer certificado en AWS/Azure. Diseña arquitecturas escalables con Kotlin, Redis y Terraform."
CAND_559,Javier Cruz,1.2,2.0,B2,True,"Fullstack engineer apasionado por retail. Trabaja con Vue, TypeScript y bases de datos. Reconocido por su creatividad."
CAND_560,Mateo Molina,4.6,7.3,C1,False,"Fullstack engineer apasionado por ciber seguridad. Trabaja con JavaScript, MySQL y bases de datos. Reconocido por su pensamiento crítico."
CAND_561,Hugo Gómez,5.7,7.6,C2,False,Mobile developer con 5.7 años creando apps nativas y multiplataforma con Django y Python. Orientado a logística.
CAND_562,Luis Jiménez,2.8,2.3,B1,True,"Security engineer con empatía. Experiencia en ciberseguridad, análisis de vulnerabilidades y DevSecOps con TypeScript y Django."
CAND_563,Manuela Flores,4.1,2.4,B1,True,"Ingeniero de software con resolución de problemas y 4.1 años en internet de las cosas. Maneja Rust, Kafka y metodologías ágiles. Mentor de equipos técnicos."
CAND_564,Kevin Cruz,1.2,1.6,B2,True,"Ingeniero de calidad con enfoque en ciber seguridad. Implementa pruebas unitarias, de integración y E2E con NestJS y Angular."
CAND_565,David Delgado,2.4,4.0,C1,True,"Cloud engineer certificado en AWS/Azure. Diseña arquitecturas escalables con AWS, Svelte y Terraform."
CAND_566,Natalia Martínez,2.3,3.2,C1,False,"Site Reliability Engineer con experiencia en tecnología financiera. Garantiza disponibilidad y rendimiento usando SQL Server, C# y monitoreo avanzado."
CAND_567,Pablo Campos,8.3,8.0,C2,True,Fullstack developer con negociación y 8.3 años construyendo soluciones end-to-end con Java en frontend y Python en backend.
CAND_568,Isabella López,1.1,3.7,B2,True,"Technical lead con 1.1 años liderando equipos en automatización empresarial. Stack técnico: Next.js, GCP. Promueve negociación en el equipo."
CAND_569,Pablo Gómez,5.0,5.4,B1,False,"Frontend engineer apasionado por UX/UI con 5.0 años usando Redis, Django y diseño responsive. Experiencia en educación."
CAND_570,Adriana Delgado,2.1,2.7,C1,False,"Software engineer con experiencia en sistemas distribuidos y alta disponibilidad usando Vue, Python y prácticas DevOps."
CAND_571,Martín Cortés,6.7,9.4,C1,True,"Backend developer con experiencia en integración de servicios, colas de mensajería y despliegues cloud usando PostgreSQL, Kubernetes y Docker."
CAND_572,Adriana Acosta,0.4,1.5,B2,True,"Soy Solutions Architect con 0.4 años de experiencia en realidad aumentada. Stack principal: Angular, C#. Destaco por mi proactividad."
CAND_573,María Rodríguez,1.2,2.4,A1,False,"Especialista en seguridad informática para tecnología financiera. Implementa políticas de seguridad, pentesting y monitoreo con GCP."
CAND_574,Juan Paredes,3.4,5.6,B2,True,"DevOps engineer con gestión del tiempo y 3.4 años automatizando infraestructura. Stack: Kotlin, MongoDB, Docker, Kubernetes y CI/CD."
CAND_575,Miguel Iglesias,1.2,1.0,C1,True,"Security engineer con creatividad. Experiencia en ciberseguridad, análisis de vulnerabilidades y DevSecOps con Azure y AWS."
CAND_576,Pablo Vargas,5.1,4.2,B2,False,"QA engineer con empatía y 5.1 años en automatización de pruebas. Experiencia con MongoDB, Azure y frameworks de testing."
CAND_577,Javier Sánchez,2.5,4.9,B2,True,"Como Data Engineer, combino 2.5 años de experiencia con C#, Kafka para ofrecer soluciones innovadoras en e-commerce."
CAND_578,Ricardo Acosta,0.6,1.0,B1,False,Fullstack developer con liderazgo técnico y 0.6 años construyendo soluciones end-to-end con Angular en frontend y Express.js en backend.
CAND_579,Gabriel Rodríguez,3.2,4.0,B1,True,"Frontend developer con empatía especializado en Express.js y ecosistema Flask. Crea interfaces modernas, accesibles y con buen rendimiento."
CAND_580,Pablo Reyes,6.3,7.7,B2,True,"Desarrollador fullstack con gestión del tiempo. Experiencia en frontend moderno (SQL Server), backend escalable (Kotlin) y cloud."
CAND_581,Daniela Cabrera,7.8,7.5,B2,False,"Ingeniero de calidad con enfoque en marketing digital. Implementa pruebas unitarias, de integración y E2E con NestJS y MySQL."
CAND_582,Valentina Torres,1.2,1.7,A1,True,"Security engineer con proactividad. Experiencia en ciberseguridad, análisis de vulnerabilidades y DevSecOps con Redis y AWS."
CAND_583,Ana Vargas,2.7,4.9,C1,True,Fullstack developer con proactividad y 2.7 años construyendo soluciones end-to-end con GCP en frontend y TypeScript en backend.
CAND_584,Adriana Castro,0.4,1.0,B1,True,"Frontend engineer apasionado por UX/UI con 0.4 años usando Angular, SQL Server y diseño responsive. Experiencia en microservicios."
CAND_585,Elena Castro,0.6,2.5,B1,False,"Mi enfoque como Software Engineer se centra en tecnología financiera, con experiencia en C#, AWS y un fuerte compromiso con la calidad y trabajo en equipo."
CAND_586,Valeria Sánchez,1.2,1.1,A2,True,"Cloud engineer certificado en AWS/Azure. Diseña arquitecturas escalables con Python, Kotlin y Terraform."
CAND_587,Sara Fuentes,2.8,1.5,A1,False,"Desarrollador frontend con colaboración. Domina Kafka, JavaScript y testing de componentes. Enfoque en accesibilidad y rendimiento."
CAND_588,Valeria Torres,1.9,3.2,A2,True,"Technical lead con 1.9 años liderando equipos en plataformas SaaS. Stack técnico: Kafka, TypeScript. Promueve proactividad en el equipo."
CAND_589,Isabella Rodríguez,5.9,5.6,A1,True,"Cloud engineer certificado en AWS/Azure. Diseña arquitecturas escalables con Vue, Azure y Terraform."
CAND_590,María García,2.8,3.6,B2,True,"Como Backend Developer especializado en big data, aporto 2.8 años de experiencia, Vue, React y liderazgo técnico."
CAND_591,David Molina,4.4,5.7,B1,True,"Data scientist con trabajo en equipo. Experiencia en internet de las cosas análisis de datos, feature engineering y despliegue de modelos con Express.js y Go."
CAND_592,Diego Peña,1.3,3.6,B1,True,"Desarrollador fullstack con liderazgo técnico. Experiencia en frontend moderno (Flask), backend escalable (PostgreSQL) y cloud."
CAND_593,Hugo Sánchez,8.5,10.0,C1,False,Ingeniero backend con 8.5 años construyendo sistemas escalables en e-commerce. Manejo avanzado de Kafka y Rust.
CAND_594,Luis Paredes,1.9,1.0,B2,False,"Software engineer con experiencia en sistemas distribuidos y alta disponibilidad usando Rust, Kotlin y prácticas DevOps."
CAND_595,Julián Silva,0.7,2.5,B2,True,"Especialista en seguridad informática para big data. Implementa políticas de seguridad, pentesting y monitoreo con GCP."
CAND_596,Miguel Delgado,2.3,3.6,A1,True,"Mi perfil como Solutions Architect combina 2.3 años de experiencia, MySQL, React y un fuerte enfoque en salud."
CAND_597,Laura Peña,0.9,1.4,A2,True,"Fullstack engineer apasionado por finanzas. Trabaja con Flask, GCP y bases de datos. Reconocido por su negociación."
CAND_598,David Delgado,1.8,2.9,B2,False,"Technical lead con 1.8 años liderando equipos en big data. Stack técnico: MongoDB, Kotlin. Promueve creatividad en el equipo."
CAND_599,Sebastián Santos,0.7,3.5,B2,False,"Desarrollador frontend con negociación. Domina Azure, Kafka y testing de componentes. Enfoque en accesibilidad y rendimiento."
CAND_600,Sofía Castro,1.8,1.9,B2,True,"Soy Product Manager con 1.8 años de experiencia en educación. Stack principal: GCP, JavaScript. Destaco por mi creatividad."
CAND_601,Julián Torres,1.8,3.5,B2,True,"Soy Technical Lead con 1.8 años de experiencia en educación. Stack principal: Kafka, Kubernetes. Destaco por mi pensamiento crítico."
CAND_602,Mateo Ruiz,1.5,3.7,B1,True,"Desarrollador polivalente con colaboración. Experiencia en todo el ciclo de vida del software con Kubernetes, Svelte y entrega continua."
CAND_603,Lorena Rodríguez,2.4,2.7,A1,True,Mobile developer con 2.4 años creando apps nativas y multiplataforma con Express.js y Swift. Orientado a finanzas.
CAND_604,Catalina Fernández,3.2,4.7,B1,True,"Especializado en realidad aumentada, mi experiencia como Security Engineer abarca Flask, Kubernetes y un sólido historial de liderazgo técnico."
CAND_605,Luis García,3.8,2.9,C1,False,"Soy Python Developer con 3.8 años de experiencia en internet de las cosas. Stack principal: Svelte, PostgreSQL. Destaco por mi colaboración."
CAND_606,Miguel Cortés,2.4,1.1,B2,False,"Como QA Engineer, he desarrollado una sólida experiencia en microservicios, trabajando con Vue, Next.js y destacando por mi gestión del tiempo."
CAND_607,Mariana Iglesias,1.1,3.6,B1,False,"Data scientist con negociación. Experiencia en inteligencia artificial análisis de datos, feature engineering y despliegue de modelos con GCP y AWS."
CAND_608,Pablo Vargas,5.0,4.1,B1,True,"Como Data Scientist especializado en automatización empresarial, aporto 5.0 años de experiencia, GCP, Redis y gestión del tiempo."
CAND_609,María Gómez,0.8,1.0,B2,False,"Cloud engineer certificado en AWS/Azure. Diseña arquitecturas escalables con JavaScript, Svelte y Terraform."
CAND_610,Lucía Campos,1.8,1.0,A2,False,"Ingeniero de calidad con enfoque en tecnología financiera. Implementa pruebas unitarias, de integración y E2E con SQL Server y Kafka."
CAND_611,Pablo Rojas,0.2,1.4,C1,True,"Desarrollador fullstack con gestión del tiempo. Experiencia en frontend moderno (AWS), backend escalable (Svelte) y cloud."
CAND_612,Claudia Ortega,1.4,1.0,B2,False,"Data scientist con creatividad. Experiencia en educación análisis de datos, feature engineering y despliegue de modelos con Azure y Swift."
CAND_613,Verónica Navarro,4.6,4.3,B2,True,"Backend engineer con colaboración especializado en APIs REST y microservicios. Experiencia con Azure, Kubernetes y bases de datos SQL/NoSQL."
CAND_614,Laura Rivas,2.3,2.7,B1,True,"Security engineer con comunicación efectiva. Experiencia en ciberseguridad, análisis de vulnerabilidades y DevSecOps con Python y PostgreSQL."
CAND_615,Samuel García,1.7,1.3,A1,True,"Data scientist con gestión del tiempo. Experiencia en logística análisis de datos, feature engineering y despliegue de modelos con Django y Kafka."
CAND_616,Hugo Molina,2.4,1.4,C1,True,Mobile developer con 2.4 años creando apps nativas y multiplataforma con MySQL y NestJS. Orientado a automatización empresarial.
CAND_617,Lucía Mendoza,0.4,1.0,B2,False,Fullstack developer con empatía y 0.4 años construyendo soluciones end-to-end con Docker en frontend y AWS en backend.
CAND_618,Andrés Herrera,0.3,3.0,B2,True,"Especializado en marketing digital, mi experiencia como Frontend Developer abarca Kafka, Rust y un sólido historial de resolución de problemas."
CAND_619,Hugo Castro,1.8,1.7,B2,True,"Cloud engineer certificado en AWS/Azure. Diseña arquitecturas escalables con Next.js, MongoDB y Terraform."
CAND_620,Laura García,3.4,6.0,B1,True,"Security engineer con empatía. Experiencia en ciberseguridad, análisis de vulnerabilidades y DevSecOps con TypeScript y Express.js."
CAND_621,Alejandro Delgado,1.5,3.5,C2,True,"Especialista en seguridad informática para educación. Implementa políticas de seguridad, pentesting y monitoreo con PostgreSQL."
CAND_622,Valeria Pérez,1.2,3.4,A2,True,"Desarrollador Backend Engineer con 1.2 años de experiencia en salud. Stack principal: Kotlin, GCP, Python. Destaca por pensamiento crítico."
CAND_623,Claudia Gómez,1.9,1.0,B2,False,Ingeniero backend con 1.9 años construyendo sistemas escalables en tecnología financiera. Manejo avanzado de FastAPI y PostgreSQL.
CAND_624,Kevin Herrera,4.4,2.4,B2,False,"DevOps engineer con negociación y 4.4 años automatizando infraestructura. Stack: Swift, AWS, Docker, Kubernetes y CI/CD."
CAND_625,Camila Torres,1.2,1.2,B2,False,"A lo largo de mi carrera como Product Manager he trabajado en proyectos de plataformas SaaS, utilizando tecnologías como Vue, Docker y destacando por mi creatividad."
CAND_626,Juan Guerrero,2.9,4.1,B1,False,"Technical lead con 2.9 años liderando equipos en plataformas SaaS. Stack técnico: Swift, MySQL. Promueve negociación en el equipo."
CAND_627,Hugo Torres,7.8,7.6,B2,False,"Desarrollador frontend con colaboración. Domina Django, FastAPI y testing de componentes. Enfoque en accesibilidad y rendimiento."
CAND_628,Verónica Santos,8.4,10.0,B1,True,"Data scientist con resolución de problemas. Experiencia en logística análisis de datos, feature engineering y despliegue de modelos con NestJS y JavaScript."
CAND_629,Hugo Torres,2.6,4.8,C2,False,"Desarrollador polivalente con empatía. Experiencia en todo el ciclo de vida del software con Docker, React y entrega continua."
CAND_630,Valentina García,5.7,8.7,B2,True,Fullstack developer con creatividad y 5.7 años construyendo soluciones end-to-end con Swift en frontend y FastAPI en backend.
CAND_631,Valeria Delgado,1.7,1.3,B2,False,Fullstack developer con proactividad y 1.7 años construyendo soluciones end-to-end con Azure en frontend y Rust en backend.
CAND_632,Julián Rodríguez,0.6,1.0,C2,False,"Desarrollador Technical Lead con 0.6 años de experiencia en plataformas SaaS. Stack principal: Docker, Next.js, Python. Destaca por comunicación efectiva."
CAND_633,Sebastián Jiménez,3.9,2.5,B2,True,Fullstack developer con creatividad y 3.9 años construyendo soluciones end-to-end con Express.js en frontend y Go en backend.
CAND_634,Natalia Mendoza,1.6,3.3,A2,False,"Cloud engineer certificado en AWS/Azure. Diseña arquitecturas escalables con Next.js, Rust y Terraform."
CAND_635,Carlos Sánchez,1.4,3.0,B2,False,"Frontend developer con liderazgo técnico especializado en MySQL y ecosistema Kafka. Crea interfaces modernas, accesibles y con buen rendimiento."
CAND_636,Sofía Molina,0.7,3.1,C1,True,"A lo largo de mi carrera como Python Developer he trabajado en proyectos de salud, utilizando tecnologías como Kubernetes, Rust y destacando por mi proactividad."
CAND_637,Mariana Vega,4.2,4.0,B2,True,"Mi enfoque como Solutions Architect se centra en salud, con experiencia en PostgreSQL, Express.js y un fuerte compromiso con la calidad y trabajo en equipo."
CAND_638,Emilio Gómez,2.7,4.3,C2,True,Mobile developer con 2.7 años creando apps nativas y multiplataforma con NestJS y Kafka. Orientado a finanzas.
CAND_639,Verónica Guerrero,2.6,4.7,C1,False,"Especializado en marketing digital, mi experiencia como Backend Developer abarca Swift, JavaScript y un sólido historial de comunicación efectiva."
CAND_640,Gabriel Navarro,1.5,1.0,B2,False,"Especializado en plataformas SaaS, mi experiencia como Solutions Architect abarca SQL Server, Swift y un sólido historial de comunicación efectiva."
CAND_641,Julia Mendoza,1.0,1.0,B2,True,Fullstack developer con resolución de problemas y 1.0 años construyendo soluciones end-to-end con Svelte en frontend y Kotlin en backend.
CAND_642,Claudia Torres,0.6,3.2,A2,True,"QA engineer con adaptabilidad y 0.6 años en automatización de pruebas. Experiencia con Next.js, TypeScript y frameworks de testing."
CAND_643,Kevin García,3.9,3.3,B1,True,"Desarrollador mobile con liderazgo técnico y experiencia en publicación de apps. Stack: Redis, Django, CI/CD móvil."
CAND_644,Sebastián García,5.7,7.0,A2,False,"QA engineer con pensamiento crítico y 5.7 años en automatización de pruebas. Experiencia con Angular, MongoDB y frameworks de testing."
CAND_645,Samuel Iglesias,3.5,3.5,C1,True,"Ingeniero de calidad con enfoque en e-commerce. Implementa pruebas unitarias, de integración y E2E con SQL Server y Kubernetes."
CAND_646,Ricardo Rojas,2.4,2.4,B1,True,"Backend developer con experiencia en integración de servicios, colas de mensajería y despliegues cloud usando GCP, SQL Server y Docker."
CAND_647,Fernanda Rodríguez,4.2,6.8,C2,True,Fullstack developer con liderazgo técnico y 4.2 años construyendo soluciones end-to-end con Python en frontend y Vue en backend.
CAND_648,Carlos Sánchez,3.7,3.4,A1,False,"Especialista en seguridad informática para e-commerce. Implementa políticas de seguridad, pentesting y monitoreo con AWS."
CAND_649,Pedro Silva,1.4,2.4,B2,True,"Como DevOps Engineer, he desarrollado una sólida experiencia en big data, trabajando con React, GCP y destacando por mi liderazgo técnico."
CAND_650,Sebastián Fuentes,1.5,1.9,B1,False,Ingeniero backend con 1.5 años construyendo sistemas escalables en retail. Manejo avanzado de Next.js y Azure.
CAND_651,Natalia Vargas,4.5,5.2,C1,False,Fullstack developer con gestión del tiempo y 4.5 años construyendo soluciones end-to-end con Kafka en frontend y SQL Server en backend.
CAND_652,Isabella Morales,0.6,3.5,A2,False,"Frontend developer con colaboración especializado en MongoDB y ecosistema NestJS. Crea interfaces modernas, accesibles y con buen rendimiento."
CAND_653,Lorena Peña,0.2,2.7,C1,True,Mobile developer con 0.2 años creando apps nativas y multiplataforma con Next.js y Flask. Orientado a marketing digital.
CAND_654,Mateo Cabrera,3.6,4.3,B1,True,"Desarrollador frontend con adaptabilidad. Domina Express.js, Kotlin y testing de componentes. Enfoque en accesibilidad y rendimiento."
CAND_655,Valentina Peña,2.1,1.0,C1,True,"Soy Backend Engineer con 2.1 años de experiencia en big data. Stack principal: Kubernetes, Java. Destaco por mi gestión del tiempo."
CAND_656,Kevin Fernández,3.2,1.5,C1,False,"Mi perfil como Fullstack Developer combina 3.2 años de experiencia, Flask, JavaScript y un fuerte enfoque en automatización empresarial."
CAND_657,Alejandro Campos,1.6,3.6,C1,False,"Software engineer con experiencia en sistemas distribuidos y alta disponibilidad usando Azure, Python y prácticas DevOps."
CAND_658,Pablo García,1.3,2.5,B1,False,"Como Site Reliability Engineer, he desarrollado una sólida experiencia en logística, trabajando con Flask, Django y destacando por mi adaptabilidad."
CAND_659,Sebastián Jiménez,3.7,2.3,B1,False,"Especializado en realidad aumentada, mi experiencia como Frontend Developer abarca PostgreSQL, Azure y un sólido historial de empatía."
CAND_660,Luis Aguilar,1.5,1.0,B1,False,"Ingeniero de calidad con enfoque en realidad aumentada. Implementa pruebas unitarias, de integración y E2E con MongoDB y JavaScript."
CAND_661,Felipe Rojas,4.3,4.6,B1,True,"Software engineer con experiencia en sistemas distribuidos y alta disponibilidad usando TypeScript, Rust y prácticas DevOps."
CAND_662,Valentina Castro,0.3,1.0,C1,True,"Cloud engineer certificado en AWS/Azure. Diseña arquitecturas escalables con Django, Next.js y Terraform."
CAND_663,Luis Cortés,2.1,1.6,B1,True,"Desarrollador Product Manager con 2.1 años de experiencia en microservicios. Stack principal: Rust, Next.js, Python. Destaca por proactividad."
CAND_664,David Castro,4.3,5.4,B2,True,"Como Fullstack Developer, he desarrollado una sólida experiencia en microservicios, trabajando con Kafka, GCP y destacando por mi colaboración."
CAND_665,Martín Herrera,4.2,4.1,B2,True,"Mi enfoque como Technical Lead se centra en salud, con experiencia en Java, Kotlin y un fuerte compromiso con la calidad y colaboración."
CAND_666,Emilio Paredes,2.3,1.4,B2,True,"Frontend engineer apasionado por UX/UI con 2.3 años usando Go, Azure y diseño responsive. Experiencia en plataformas SaaS."
CAND_667,Pablo Torres,1.3,1.0,B2,True,Fullstack developer con gestión del tiempo y 1.3 años construyendo soluciones end-to-end con Django en frontend y Java en backend.
CAND_668,Sara Molina,4.1,6.9,B1,True,"DevOps engineer con pensamiento crítico y 4.1 años automatizando infraestructura. Stack: Express.js, PostgreSQL, Docker, Kubernetes y CI/CD."
CAND_669,Nicolás Peña,0.8,1.0,C2,True,"Ingeniero de software con negociación y 0.8 años en finanzas. Maneja Django, Kotlin y metodologías ágiles. Mentor de equipos técnicos."
CAND_670,Luis Guerrero,2.1,3.8,B2,False,Fullstack developer con pensamiento crítico y 2.1 años construyendo soluciones end-to-end con Swift en frontend y AWS en backend.
CAND_671,Carlos Rodríguez,0.4,1.0,C2,True,"Machine Learning engineer con 0.4 años construyendo pipelines de datos y modelos predictivos para ciber seguridad. Usa Swift, Python y Python."
CAND_672,Claudia Campos,2.1,1.0,B2,True,"Frontend developer con pensamiento crítico especializado en Python y ecosistema TypeScript. Crea interfaces modernas, accesibles y con buen rendimiento."
CAND_673,Lucía Guerrero,0.3,1.0,B1,True,"Fullstack engineer apasionado por educación. Trabaja con Kotlin, SQL Server y bases de datos. Reconocido por su pensamiento crítico."
CAND_674,Sara Herrera,1.7,3.0,C2,False,"Desarrollador mobile con colaboración y experiencia en publicación de apps. Stack: SQL Server, Express.js, CI/CD móvil."
CAND_675,Lucía Molina,3.4,5.6,B2,False,"Data scientist con creatividad. Experiencia en ciber seguridad análisis de datos, feature engineering y despliegue de modelos con Kotlin y MongoDB."
CAND_676,Elena Medina,0.1,1.0,C1,True,"Site Reliability Engineer con experiencia en automatización empresarial. Garantiza disponibilidad y rendimiento usando React, Next.js y monitoreo avanzado."
CAND_677,Valentina Fuentes,3.3,5.2,C2,False,"Mi enfoque como Frontend Developer se centra en internet de las cosas, con experiencia en Svelte, MongoDB y un fuerte compromiso con la calidad y trabajo en equipo."
CAND_678,Sebastián Rivas,5.8,5.3,B1,False,Ingeniero backend con 5.8 años construyendo sistemas escalables en tecnología financiera. Manejo avanzado de Next.js y Express.js.
CAND_679,Gabriel Acosta,0.6,2.2,B2,True,"Mi perfil como Frontend Developer combina 0.6 años de experiencia, FastAPI, Redis y un fuerte enfoque en internet de las cosas."
CAND_680,Martín Morales,1.3,2.8,B2,True,"Backend engineer con pensamiento crítico especializado en APIs REST y microservicios. Experiencia con AWS, Express.js y bases de datos SQL/NoSQL."
CAND_681,Kevin Cabrera,1.2,1.0,C2,True,"Data engineer especializado en pipelines ETL, data lakes y procesamiento en tiempo real con C#, MySQL y Spark."
CAND_682,Lorena Cruz,0.6,1.0,B2,False,"Mi enfoque como Mobile Developer se centra en tecnología financiera, con experiencia en C#, MySQL y un fuerte compromiso con la calidad y negociación."
CAND_683,Mateo Pérez,3.6,1.8,B1,False,"Desarrollador Product Manager con 3.6 años de experiencia en marketing digital. Stack principal: Vue, C#, Python. Destaca por liderazgo técnico."
CAND_684,Carlos Aguilar,1.1,2.2,B2,False,"Backend developer con experiencia en integración de servicios, colas de mensajería y despliegues cloud usando JavaScript, NestJS y Docker."
CAND_685,Manuela Fernández,6.1,4.7,C2,True,"Frontend engineer apasionado por UX/UI con 6.1 años usando GCP, Svelte y diseño responsive. Experiencia en blockchain."
CAND_686,Elena Campos,2.8,4.2,C1,True,"Machine Learning engineer con 2.8 años construyendo pipelines de datos y modelos predictivos para finanzas. Usa Python, Java y Python."
CAND_687,Valentina Ramírez,2.5,3.9,B1,True,Fullstack developer con trabajo en equipo y 2.5 años construyendo soluciones end-to-end con Flask en frontend y Python en backend.
CAND_688,Andrés Ortega,1.8,1.0,B1,False,"Frontend developer con pensamiento crítico especializado en JavaScript y ecosistema Azure. Crea interfaces modernas, accesibles y con buen rendimiento."
CAND_689,Julia Medina,3.1,1.1,C2,False,"Soy Solutions Architect con 3.1 años de experiencia en ciber seguridad. Stack principal: MySQL, Rust. Destaco por mi empatía."
CAND_690,Mariana Rivas,2.1,4.3,B1,True,"Como QA Engineer especializado en marketing digital, aporto 2.1 años de experiencia, Go, FastAPI y negociación."
CAND_691,Camila Reyes,2.5,3.3,B2,True,"Como Software Engineer especializado en e-commerce, aporto 2.5 años de experiencia, GCP, FastAPI y negociación."
CAND_692,David Rojas,2.6,4.9,C1,True,Ingeniero backend con 2.6 años construyendo sistemas escalables en big data. Manejo avanzado de Express.js y Kubernetes.
CAND_693,Rocío Rodríguez,2.0,4.1,B2,True,"Frontend engineer apasionado por UX/UI con 2.0 años usando Angular, AWS y diseño responsive. Experiencia en tecnología financiera."
CAND_694,Carlos Cabrera,1.8,3.3,B1,True,"Como Site Reliability Engineer especializado en retail, aporto 1.8 años de experiencia, PostgreSQL, Next.js y proactividad."
CAND_695,Kevin López,2.0,3.0,A2,True,"Especializado en marketing digital, mi experiencia como Site Reliability Engineer abarca Angular, MySQL y un sólido historial de empatía."
CAND_696,Emilio Rodríguez,2.6,4.8,B2,True,"Como Frontend Developer especializado en ciber seguridad, aporto 2.6 años de experiencia, AWS, JavaScript y trabajo en equipo."
CAND_697,Alejandro Rojas,4.1,2.1,C2,True,Fullstack developer con creatividad y 4.1 años construyendo soluciones end-to-end con Next.js en frontend y MySQL en backend.
CAND_698,Sofía Castro,1.2,1.5,B2,False,"Como Data Engineer, combino 1.2 años de experiencia con PostgreSQL, MongoDB para ofrecer soluciones innovadoras en tecnología financiera."
CAND_699,David Fuentes,3.7,3.0,B2,True,"Como QA Engineer, he desarrollado una sólida experiencia en salud, trabajando con FastAPI, Django y destacando por mi creatividad."
CAND_700,Fernanda Rivas,2.5,4.1,C1,False,"Desarrollador mobile con colaboración y experiencia en publicación de apps. Stack: PostgreSQL, Angular, CI/CD móvil."
CAND_701,Sofía Ortega,1.5,1.0,C1,False,"Como Data Engineer especializado en tecnología financiera, aporto 1.5 años de experiencia, Java, Kafka y liderazgo técnico."
CAND_702,Miguel Gómez,2.2,3.6,C1,True,"Como Site Reliability Engineer especializado en retail, aporto 2.2 años de experiencia, Kafka, Express.js y pensamiento crítico."
CAND_703,Mateo Ramírez,4.3,4.6,B1,True,"DevOps engineer con comunicación efectiva y 4.3 años automatizando infraestructura. Stack: Azure, Next.js, Docker, Kubernetes y CI/CD."
CAND_704,Carlos Delgado,1.7,2.9,B2,True,"Desarrollador frontend con adaptabilidad. Domina Django, SQL Server y testing de componentes. Enfoque en accesibilidad y rendimiento."
CAND_705,Valentina Torres,1.2,1.4,C2,True,"Data engineer especializado en pipelines ETL, data lakes y procesamiento en tiempo real con PostgreSQL, Flask y Spark."
CAND_706,David García,2.4,1.0,C2,True,"Security engineer con creatividad. Experiencia en ciberseguridad, análisis de vulnerabilidades y DevSecOps con GCP y Docker."
CAND_707,Pedro Fernández,2.4,3.3,C2,True,"Como Site Reliability Engineer especializado en blockchain, aporto 2.4 años de experiencia, Rust, AWS y creatividad."
CAND_708,Tomás Castro,1.1,1.0,C2,True,"Como Mobile Developer, combino 1.1 años de experiencia con PostgreSQL, Go para ofrecer soluciones innovadoras en e-commerce."
CAND_709,Pedro Gómez,3.3,1.5,C1,True,"Machine Learning engineer con 3.3 años construyendo pipelines de datos y modelos predictivos para realidad aumentada. Usa React, TypeScript y Python."
CAND_710,Ricardo Mendoza,1.7,2.4,B1,True,Ingeniero backend con 1.7 años construyendo sistemas escalables en finanzas. Manejo avanzado de Svelte y Express.js.
CAND_711,Diego Cruz,1.6,1.0,B2,False,"Mi perfil como Technical Lead combina 1.6 años de experiencia, Go, Kafka y un fuerte enfoque en inteligencia artificial."
CAND_712,Ricardo Rojas,3.4,6.1,B1,True,"Fullstack engineer apasionado por marketing digital. Trabaja con SQL Server, Python y bases de datos. Reconocido por su resolución de problemas."
CAND_713,Isabella Peña,2.8,3.7,C1,False,"Mi perfil como Frontend Developer combina 2.8 años de experiencia, Python, React y un fuerte enfoque en automatización empresarial."
CAND_714,Natalia García,1.1,3.8,B2,True,"Technical lead con 1.1 años liderando equipos en plataformas SaaS. Stack técnico: React, NestJS. Promueve comunicación efectiva en el equipo."
CAND_715,Manuela Cortés,2.0,4.6,B2,True,"Mi enfoque como QA Engineer se centra en inteligencia artificial, con experiencia en PostgreSQL, Kotlin y un fuerte compromiso con la calidad y trabajo en equipo."
CAND_716,Ana Silva,6.3,4.6,B2,True,Ingeniero backend con 6.3 años construyendo sistemas escalables en educación. Manejo avanzado de React y TypeScript.
CAND_717,Pablo Herrera,3.6,3.2,C2,False,"Mi enfoque como Mobile Developer se centra en big data, con experiencia en Python, PostgreSQL y un fuerte compromiso con la calidad y resolución de problemas."
CAND_718,Kevin Paredes,1.1,3.8,B1,True,"Cloud engineer certificado en AWS/Azure. Diseña arquitecturas escalables con GCP, PostgreSQL y Terraform."
CAND_719,Daniela Aguilar,1.7,3.2,C2,False,"Security engineer con trabajo en equipo. Experiencia en ciberseguridad, análisis de vulnerabilidades y DevSecOps con PostgreSQL y C#."
CAND_720,Hugo Cruz,1.9,1.0,B2,True,"Security engineer con colaboración. Experiencia en ciberseguridad, análisis de vulnerabilidades y DevSecOps con NestJS y SQL Server."
CAND_721,Mariana García,0.9,2.7,A1,True,"DevOps engineer con colaboración y 0.9 años automatizando infraestructura. Stack: SQL Server, MongoDB, Docker, Kubernetes y CI/CD."
CAND_722,Pedro Rivas,3.6,6.0,B1,True,"Como Machine Learning Engineer, combino 3.6 años de experiencia con FastAPI, NestJS para ofrecer soluciones innovadoras en educación."
CAND_723,Pedro Delgado,0.7,2.5,B1,True,"Security engineer con resolución de problemas. Experiencia en ciberseguridad, análisis de vulnerabilidades y DevSecOps con JavaScript y Rust."
CAND_724,Pedro Aguilar,1.6,1.2,B2,True,"Soy Data Engineer con 1.6 años de experiencia en microservicios. Stack principal: Next.js, Java. Destaco por mi negociación."
CAND_725,Carlos Pérez,3.4,3.2,B2,False,"Data scientist con liderazgo técnico. Experiencia en plataformas SaaS análisis de datos, feature engineering y despliegue de modelos con TypeScript y Flask."
CAND_726,Laura Paredes,0.2,1.0,B1,True,"Como Product Manager, combino 0.2 años de experiencia con JavaScript, Angular para ofrecer soluciones innovadoras en educación."
CAND_727,Diego Herrera,3.8,2.1,C1,False,"Technical lead con 3.8 años liderando equipos en internet de las cosas. Stack técnico: MySQL, Kubernetes. Promueve resolución de problemas en el equipo."
CAND_728,Claudia Sánchez,1.3,1.7,C1,False,"Especialista en seguridad informática para logística. Implementa políticas de seguridad, pentesting y monitoreo con MySQL."
CAND_729,Manuela Santos,2.5,2.6,C2,False,"Fullstack engineer apasionado por logística. Trabaja con PostgreSQL, SQL Server y bases de datos. Reconocido por su negociación."
CAND_730,Martín Fuentes,2.2,3.7,B2,True,Mobile developer con 2.2 años creando apps nativas y multiplataforma con Redis y Python. Orientado a marketing digital.
CAND_731,María Cruz,1.6,2.9,B1,True,"Backend developer con experiencia en integración de servicios, colas de mensajería y despliegues cloud usando NestJS, PostgreSQL y Docker."
CAND_732,Martín López,3.3,5.4,B2,False,"Security engineer con empatía. Experiencia en ciberseguridad, análisis de vulnerabilidades y DevSecOps con SQL Server y GCP."
CAND_733,Paula Medina,3.0,4.3,C1,True,"Technical lead con 3.0 años liderando equipos en realidad aumentada. Stack técnico: C#, Redis. Promueve creatividad en el equipo."
CAND_734,Catalina García,3.3,5.7,B2,True,"Ingeniero de software con liderazgo técnico y 3.3 años en finanzas. Maneja MongoDB, AWS y metodologías ágiles. Mentor de equipos técnicos."
CAND_735,Daniela Fuentes,2.7,2.1,B1,True,"A lo largo de mi carrera como Backend Developer he trabajado en proyectos de e-commerce, utilizando tecnologías como Go, C# y destacando por mi resolución de problemas."
CAND_736,Claudia Gómez,1.7,2.9,B1,False,"Soy Security Engineer con 1.7 años de experiencia en tecnología financiera. Stack principal: FastAPI, Kafka. Destaco por mi proactividad."
CAND_737,Fernanda Ramírez,1.1,1.0,A2,False,Ingeniero backend con 1.1 años construyendo sistemas escalables en e-commerce. Manejo avanzado de Go y Python.
CAND_738,Verónica Peña,0.7,1.0,B1,True,"Como Mobile Developer, combino 0.7 años de experiencia con JavaScript, Azure para ofrecer soluciones innovadoras en retail."
CAND_739,Adriana Reyes,3.7,2.0,C1,False,"Technical lead con 3.7 años liderando equipos en plataformas SaaS. Stack técnico: Go, Next.js. Promueve colaboración en el equipo."
CAND_740,Isabella Ortega,3.9,6.2,A2,False,"Especializado en internet de las cosas, mi experiencia como DevOps Engineer abarca TypeScript, GCP y un sólido historial de proactividad."
CAND_741,Luis Morales,1.7,4.0,C1,False,"Data scientist con trabajo en equipo. Experiencia en realidad aumentada análisis de datos, feature engineering y despliegue de modelos con AWS y Python."
CAND_742,Gabriel Rojas,1.6,1.0,B2,True,"Desarrollador frontend con pensamiento crítico. Domina FastAPI, C# y testing de componentes. Enfoque en accesibilidad y rendimiento."
CAND_743,Ricardo Rojas,1.5,1.0,C1,False,"Soy Backend Engineer con 1.5 años de experiencia en finanzas. Stack principal: Next.js, Python. Destaco por mi adaptabilidad."
CAND_744,Carlos Fuentes,1.7,1.2,B2,False,"Software engineer con experiencia en sistemas distribuidos y alta disponibilidad usando C#, Next.js y prácticas DevOps."
CAND_745,Hugo García,0.2,1.0,C1,False,"Technical lead con 0.2 años liderando equipos en microservicios. Stack técnico: Vue, Kubernetes. Promueve empatía en el equipo."
CAND_746,Isabella Fernández,3.7,6.6,C1,False,"DevOps engineer con empatía y 3.7 años automatizando infraestructura. Stack: TypeScript, Django, Docker, Kubernetes y CI/CD."
CAND_747,Emilio Cortés,1.8,3.6,A2,False,"A lo largo de mi carrera como QA Engineer he trabajado en proyectos de marketing digital, utilizando tecnologías como Flask, Python y destacando por mi resolución de problemas."
CAND_748,Samuel Navarro,1.5,2.9,A1,True,"Desarrollador fullstack con colaboración. Experiencia en frontend moderno (C#), backend escalable (Python) y cloud."
CAND_749,Javier García,8.0,8.6,B1,True,"Ingeniero de calidad con enfoque en marketing digital. Implementa pruebas unitarias, de integración y E2E con React y Django."
CAND_750,Gabriel Torres,1.3,1.0,C1,True,"Desarrollador fullstack con proactividad. Experiencia en frontend moderno (SQL Server), backend escalable (FastAPI) y cloud."
CAND_751,Pablo Fernández,0.2,2.9,C2,True,"Security engineer con colaboración. Experiencia en ciberseguridad, análisis de vulnerabilidades y DevSecOps con JavaScript y MySQL."
CAND_752,Manuela Reyes,1.3,2.4,B2,False,"Backend developer con experiencia en integración de servicios, colas de mensajería y despliegues cloud usando MySQL, Express.js y Docker."
CAND_753,Lucía Guerrero,1.4,1.4,B1,True,"Desarrollador fullstack con trabajo en equipo. Experiencia en frontend moderno (Java), backend escalable (Python) y cloud."
CAND_754,Pedro Mendoza,3.6,4.7,C2,False,Fullstack developer con proactividad y 3.6 años construyendo soluciones end-to-end con Docker en frontend y Next.js en backend.
CAND_755,Tatiana Silva,1.0,1.3,A1,False,"Site Reliability Engineer con experiencia en logística. Garantiza disponibilidad y rendimiento usando Angular, Django y monitoreo avanzado."
CAND_756,Julián García,0.6,1.0,C2,True,"Desarrollador polivalente con colaboración. Experiencia en todo el ciclo de vida del software con Docker, Django y entrega continua."
CAND_757,Samuel Pérez,0.6,1.4,C2,True,"Security engineer con comunicación efectiva. Experiencia en ciberseguridad, análisis de vulnerabilidades y DevSecOps con SQL Server y Swift."
CAND_758,Alejandro Sánchez,1.2,1.1,C1,True,"Backend engineer con creatividad especializado en APIs REST y microservicios. Experiencia con React, Flask y bases de datos SQL/NoSQL."
CAND_759,Laura Rodríguez,5.7,6.1,C2,True,"Desarrollador polivalente con gestión del tiempo. Experiencia en todo el ciclo de vida del software con Rust, NestJS y entrega continua."
CAND_760,Lucía Acosta,1.5,1.9,B2,True,Mobile developer con 1.5 años creando apps nativas y multiplataforma con C# y Azure. Orientado a salud.
CAND_761,Iván Navarro,2.7,4.9,A2,False,"Mi perfil como Python Developer combina 2.7 años de experiencia, Kafka, Vue y un fuerte enfoque en educación."
CAND_762,Felipe Medina,4.1,6.1,C1,True,"Desarrollador frontend con liderazgo técnico. Domina MySQL, Docker y testing de componentes. Enfoque en accesibilidad y rendimiento."
CAND_763,Javier Martínez,2.6,4.8,C1,True,"Frontend developer con proactividad especializado en C# y ecosistema TypeScript. Crea interfaces modernas, accesibles y con buen rendimiento."
CAND_764,Kevin Delgado,0.5,1.0,C1,True,"Site Reliability Engineer con experiencia en retail. Garantiza disponibilidad y rendimiento usando Docker, Kotlin y monitoreo avanzado."
CAND_765,Samuel Sánchez,1.1,4.0,B2,True,"Data engineer especializado en pipelines ETL, data lakes y procesamiento en tiempo real con Kotlin, FastAPI y Spark."
CAND_766,Andrés Mendoza,2.6,1.2,A2,False,Mobile developer con 2.6 años creando apps nativas y multiplataforma con AWS y Svelte. Orientado a educación.
CAND_767,Rocío Molina,0.7,3.1,B1,True,"Mi perfil como QA Engineer combina 0.7 años de experiencia, Python, Azure y un fuerte enfoque en microservicios."
CAND_768,Martín Rojas,1.1,1.0,C1,True,"Como Backend Engineer, combino 1.1 años de experiencia con Python, Azure para ofrecer soluciones innovadoras en internet de las cosas."
CAND_769,Hugo Gómez,2.1,3.0,A2,True,"A lo largo de mi carrera como Data Engineer he trabajado en proyectos de internet de las cosas, utilizando tecnologías como Kotlin, JavaScript y destacando por mi colaboración."
CAND_770,Pedro Peña,0.2,1.0,C2,True,"Especialista en seguridad informática para realidad aumentada. Implementa políticas de seguridad, pentesting y monitoreo con Flask."
CAND_771,Manuela Flores,1.6,2.1,C1,True,"Technical lead con 1.6 años liderando equipos en finanzas. Stack técnico: TypeScript, Svelte. Promueve colaboración en el equipo."
CAND_772,Laura Rojas,2.5,3.8,A1,False,"QA engineer con adaptabilidad y 2.5 años en automatización de pruebas. Experiencia con NestJS, PostgreSQL y frameworks de testing."
CAND_773,Claudia Campos,6.0,8.6,A2,False,"Fullstack engineer apasionado por blockchain. Trabaja con Svelte, Kubernetes y bases de datos. Reconocido por su empatía."
CAND_774,Adriana Rivas,1.7,4.6,B2,False,"Como Software Engineer, combino 1.7 años de experiencia con Flask, C# para ofrecer soluciones innovadoras en plataformas SaaS."
CAND_775,Gabriel García,1.7,3.5,B2,True,"Software engineer con experiencia en sistemas distribuidos y alta disponibilidad usando AWS, Kotlin y prácticas DevOps."
CAND_776,Javier Ruiz,5.1,5.2,C2,False,Ingeniero backend con 5.1 años construyendo sistemas escalables en internet de las cosas. Manejo avanzado de NestJS y Vue.
CAND_777,Martín Cabrera,2.6,1.4,B2,True,"Software engineer con experiencia en sistemas distribuidos y alta disponibilidad usando Docker, Angular y prácticas DevOps."
CAND_778,Mateo Castro,1.6,4.0,B2,True,"DevOps engineer con pensamiento crítico y 1.6 años automatizando infraestructura. Stack: MongoDB, PostgreSQL, Docker, Kubernetes y CI/CD."
CAND_779,Camila Rojas,3.5,1.9,A2,True,"Desarrollador mobile con trabajo en equipo y experiencia en publicación de apps. Stack: Flask, Azure, CI/CD móvil."
CAND_780,Nicolás Gómez,1.1,1.0,A1,True,"Technical lead con 1.1 años liderando equipos en salud. Stack técnico: Angular, PostgreSQL. Promueve pensamiento crítico en el equipo."
CAND_781,Sofía Silva,3.7,3.4,B2,False,"Mi enfoque como Product Manager se centra en plataformas SaaS, con experiencia en JavaScript, AWS y un fuerte compromiso con la calidad y resolución de problemas."
CAND_782,Iván Rojas,3.5,4.4,C1,True,"Ingeniero de software con empatía y 3.5 años en inteligencia artificial. Maneja Java, Next.js y metodologías ágiles. Mentor de equipos técnicos."
CAND_783,Daniela Iglesias,7.8,8.8,A2,False,"Fullstack engineer apasionado por marketing digital. Trabaja con SQL Server, Redis y bases de datos. Reconocido por su resolución de problemas."
CAND_784,Ana Mendoza,1.1,1.0,C1,True,"Como Backend Engineer, he desarrollado una sólida experiencia en realidad aumentada, trabajando con Flask, Kotlin y destacando por mi pensamiento crítico."
CAND_785,Mariana Castro,0.2,1.0,B2,True,"A lo largo de mi carrera como Site Reliability Engineer he trabajado en proyectos de inteligencia artificial, utilizando tecnologías como C#, AWS y destacando por mi trabajo en equipo."
CAND_786,Fernanda Delgado,4.1,4.3,C2,True,"Desarrollador fullstack con creatividad. Experiencia en frontend moderno (JavaScript), backend escalable (React) y cloud."
CAND_787,Miguel Santos,0.8,3.6,B1,True,"A lo largo de mi carrera como DevOps Engineer he trabajado en proyectos de internet de las cosas, utilizando tecnologías como Express.js, React y destacando por mi negociación."
CAND_788,Lucía Martínez,3.7,5.2,B1,False,"Frontend developer con gestión del tiempo especializado en Redis y ecosistema JavaScript. Crea interfaces modernas, accesibles y con buen rendimiento."
CAND_789,Kevin Vargas,1.8,4.2,B1,True,"Especializado en internet de las cosas, mi experiencia como Backend Engineer abarca Svelte, GCP y un sólido historial de liderazgo técnico."
CAND_790,Miguel Santos,0.1,2.7,B2,False,"Frontend engineer apasionado por UX/UI con 0.1 años usando MySQL, MongoDB y diseño responsive. Experiencia en blockchain."
CAND_791,Samuel Mendoza,3.5,5.7,B1,False,"Fullstack engineer apasionado por blockchain. Trabaja con Kafka, Kubernetes y bases de datos. Reconocido por su adaptabilidad."
CAND_792,Alejandro Fuentes,3.2,5.7,B2,True,"Especializado en logística, mi experiencia como Backend Developer abarca AWS, Kotlin y un sólido historial de gestión del tiempo."
CAND_793,Julia Campos,0.3,1.0,C1,False,"Fullstack engineer apasionado por automatización empresarial. Trabaja con Python, MongoDB y bases de datos. Reconocido por su gestión del tiempo."
CAND_794,Pedro Rivas,2.2,1.6,A2,False,"Software engineer con experiencia en sistemas distribuidos y alta disponibilidad usando TypeScript, MySQL y prácticas DevOps."
CAND_795,Catalina Mendoza,1.4,3.1,B1,False,"Frontend engineer apasionado por UX/UI con 1.4 años usando PostgreSQL, Redis y diseño responsive. Experiencia en salud."
CAND_796,Camila Rojas,2.3,2.6,A2,True,"A lo largo de mi carrera como Backend Engineer he trabajado en proyectos de tecnología financiera, utilizando tecnologías como GCP, Go y destacando por mi colaboración."
CAND_797,Javier Peña,4.3,6.2,C2,False,Mobile developer con 4.3 años creando apps nativas y multiplataforma con Svelte y C#. Orientado a realidad aumentada.
CAND_798,Ana Gómez,1.9,2.2,A1,True,"Desarrollador frontend con negociación. Domina GCP, Rust y testing de componentes. Enfoque en accesibilidad y rendimiento."
CAND_799,Diego Martínez,3.2,4.8,A1,False,"Technical lead con 3.2 años liderando equipos en internet de las cosas. Stack técnico: Kafka, Kubernetes. Promueve adaptabilidad en el equipo."
CAND_800,Adriana Morales,0.0,1.0,B2,True,"Ingeniero de calidad con enfoque en salud. Implementa pruebas unitarias, de integración y E2E con Azure y C#."
CAND_801,Miguel Silva,0.0,1.0,C2,False,"Desarrollador frontend con proactividad. Domina Docker, Azure y testing de componentes. Enfoque en accesibilidad y rendimiento."
CAND_802,Julia Reyes,2.1,1.5,C1,False,"Frontend developer con empatía especializado en Flask y ecosistema AWS. Crea interfaces modernas, accesibles y con buen rendimiento."
CAND_803,Valeria Rojas,1.3,1.0,A1,False,"Soy Data Scientist con 1.3 años de experiencia en finanzas. Stack principal: Express.js, Python. Destaco por mi trabajo en equipo."
CAND_804,Lorena Martínez,1.4,1.0,C1,False,"Frontend developer con proactividad especializado en Express.js y ecosistema PostgreSQL. Crea interfaces modernas, accesibles y con buen rendimiento."
CAND_805,Mateo Torres,0.2,1.8,B2,True,"Backend engineer con gestión del tiempo especializado en APIs REST y microservicios. Experiencia con Go, Kafka y bases de datos SQL/NoSQL."
CAND_806,Ana Torres,7.6,9.5,C1,False,"Soy Security Engineer con 7.6 años de experiencia en inteligencia artificial. Stack principal: SQL Server, Vue. Destaco por mi adaptabilidad."
CAND_807,Manuela Gómez,1.9,4.3,B1,True,"Cloud engineer certificado en AWS/Azure. Diseña arquitecturas escalables con Express.js, Redis y Terraform."
CAND_808,Carlos Iglesias,1.9,3.7,C1,True,Ingeniero backend con 1.9 años construyendo sistemas escalables en realidad aumentada. Manejo avanzado de Kotlin y AWS.
CAND_809,Rocío Ruiz,1.4,1.6,A1,True,Mobile developer con 1.4 años creando apps nativas y multiplataforma con Kubernetes y TypeScript. Orientado a logística.
CAND_810,Sofía Rivas,1.0,2.7,B1,True,"Software engineer con experiencia en sistemas distribuidos y alta disponibilidad usando Redis, Vue y prácticas DevOps."
CAND_811,Javier Acosta,8.6,8.8,C1,True,"Ingeniero de software con proactividad y 8.6 años en plataformas SaaS. Maneja Python, AWS y metodologías ágiles. Mentor de equipos técnicos."
CAND_812,Tomás Fernández,1.5,3.7,C2,True,"Data engineer especializado en pipelines ETL, data lakes y procesamiento en tiempo real con Vue, GCP y Spark."
CAND_813,Claudia Santos,0.1,1.0,C1,False,"Site Reliability Engineer con experiencia en internet de las cosas. Garantiza disponibilidad y rendimiento usando TypeScript, C# y monitoreo avanzado."
CAND_814,Paula López,0.2,1.9,B2,False,"Data engineer especializado en pipelines ETL, data lakes y procesamiento en tiempo real con Rust, Kubernetes y Spark."
CAND_815,Valeria Campos,0.6,1.0,C1,False,"Desarrollador Product Manager con 0.6 años de experiencia en salud. Stack principal: Kotlin, Vue, Python. Destaca por trabajo en equipo."
CAND_816,Isabella Ortega,1.9,4.6,A2,False,"Frontend developer con trabajo en equipo especializado en NestJS y ecosistema Docker. Crea interfaces modernas, accesibles y con buen rendimiento."
CAND_817,Julián Rivas,1.7,2.5,B1,True,"Frontend engineer apasionado por UX/UI con 1.7 años usando React, Go y diseño responsive. Experiencia en salud."
CAND_818,Nicolás Santos,1.5,4.2,C2,False,"QA engineer con liderazgo técnico y 1.5 años en automatización de pruebas. Experiencia con Flask, Kubernetes y frameworks de testing."
CAND_819,Lucía Iglesias,6.8,6.5,B1,True,"Backend developer con experiencia en integración de servicios, colas de mensajería y despliegues cloud usando C#, Rust y Docker."
CAND_820,Sofía Ramírez,2.3,4.6,B2,False,"Software engineer con experiencia en sistemas distribuidos y alta disponibilidad usando Express.js, JavaScript y prácticas DevOps."
CAND_821,Camila Fernández,3.1,5.4,C1,True,"Desarrollador polivalente con trabajo en equipo. Experiencia en todo el ciclo de vida del software con C#, Svelte y entrega continua."
CAND_822,Fernanda Silva,2.3,3.3,A2,True,"Frontend developer con creatividad especializado en JavaScript y ecosistema Vue. Crea interfaces modernas, accesibles y con buen rendimiento."
CAND_823,Tatiana Ruiz,1.7,3.2,B2,True,Mobile developer con 1.7 años creando apps nativas y multiplataforma con Swift y TypeScript. Orientado a realidad aumentada.
CAND_824,Ana Sánchez,0.2,1.5,B1,True,"Security engineer con adaptabilidad. Experiencia en ciberseguridad, análisis de vulnerabilidades y DevSecOps con Angular y GCP."
CAND_825,Mariana Torres,4.1,2.7,B1,True,"Frontend engineer apasionado por UX/UI con 4.1 años usando Kubernetes, Redis y diseño responsive. Experiencia en plataformas SaaS."
CAND_826,Paula Cruz,1.1,1.6,A1,False,"Ingeniero de calidad con enfoque en big data. Implementa pruebas unitarias, de integración y E2E con Redis y Express.js."
CAND_827,Gabriel Castro,3.8,4.5,C1,True,"DevOps engineer con creatividad y 3.8 años automatizando infraestructura. Stack: Next.js, Svelte, Docker, Kubernetes y CI/CD."
CAND_828,Valentina Acosta,1.3,3.1,A2,True,"Data engineer especializado en pipelines ETL, data lakes y procesamiento en tiempo real con TypeScript, Swift y Spark."
CAND_829,Laura Paredes,6.4,7.9,B1,False,"Ingeniero de software con creatividad y 6.4 años en automatización empresarial. Maneja Swift, NestJS y metodologías ágiles. Mentor de equipos técnicos."
CAND_830,Catalina Castro,4.6,4.5,B2,True,"Desarrollador polivalente con empatía. Experiencia en todo el ciclo de vida del software con Angular, MongoDB y entrega continua."
CAND_831,Andrés Cortés,2.5,1.3,B1,True,"Machine Learning engineer con 2.5 años construyendo pipelines de datos y modelos predictivos para logística. Usa FastAPI, Angular y Python."
CAND_832,Lucía Herrera,1.2,1.8,C2,True,"Software engineer con experiencia en sistemas distribuidos y alta disponibilidad usando MongoDB, GCP y prácticas DevOps."
CAND_833,Javier Cruz,3.3,5.9,B1,True,"Frontend engineer apasionado por UX/UI con 3.3 años usando C#, Flask y diseño responsive. Experiencia en inteligencia artificial."
CAND_834,Verónica Jiménez,3.1,4.7,A2,False,"Desarrollador mobile con pensamiento crítico y experiencia en publicación de apps. Stack: NestJS, MongoDB, CI/CD móvil."
CAND_835,Manuela Pérez,1.7,2.6,B1,True,"Frontend engineer apasionado por UX/UI con 1.7 años usando PostgreSQL, AWS y diseño responsive. Experiencia en big data."
CAND_836,Alejandro Herrera,0.5,2.7,B1,True,"Mi enfoque como Software Engineer se centra en microservicios, con experiencia en Vue, Redis y un fuerte compromiso con la calidad y negociación."
CAND_837,Ana Flores,1.7,1.2,C1,True,Mobile developer con 1.7 años creando apps nativas y multiplataforma con React y NestJS. Orientado a logística.
CAND_838,Elena Ruiz,0.9,1.7,B2,True,"Site Reliability Engineer con experiencia en retail. Garantiza disponibilidad y rendimiento usando Docker, Express.js y monitoreo avanzado."
CAND_839,Hugo López,1.7,1.0,A2,True,"Fullstack engineer apasionado por plataformas SaaS. Trabaja con AWS, Kubernetes y bases de datos. Reconocido por su gestión del tiempo."
CAND_840,Julián Cortés,2.7,3.8,B2,False,"Fullstack engineer apasionado por plataformas SaaS. Trabaja con Java, TypeScript y bases de datos. Reconocido por su trabajo en equipo."
CAND_841,Gabriel Torres,4.7,5.6,B2,True,"Como Backend Developer, he desarrollado una sólida experiencia en retail, trabajando con Flask, MongoDB y destacando por mi resolución de problemas."
CAND_842,Iván Medina,0.2,1.0,B2,True,"Como QA Engineer, combino 0.2 años de experiencia con Docker, NestJS para ofrecer soluciones innovadoras en tecnología financiera."
CAND_843,Ricardo Cruz,1.1,3.1,C1,True,"Backend developer con experiencia en integración de servicios, colas de mensajería y despliegues cloud usando TypeScript, Kubernetes y Docker."
CAND_844,Tatiana Gómez,8.6,10.0,B1,False,"Especialista en seguridad informática para blockchain. Implementa políticas de seguridad, pentesting y monitoreo con Kubernetes."
CAND_845,Diego Rodríguez,1.2,3.0,A2,False,"Security engineer con negociación. Experiencia en ciberseguridad, análisis de vulnerabilidades y DevSecOps con Python y Redis."
CAND_846,Iván Mendoza,4.1,4.9,C1,False,"Mi perfil como Machine Learning Engineer combina 4.1 años de experiencia, SQL Server, Django y un fuerte enfoque en inteligencia artificial."
CAND_847,Pablo Peña,0.2,1.0,C1,True,"Machine Learning engineer con 0.2 años construyendo pipelines de datos y modelos predictivos para salud. Usa React, TypeScript y Python."
CAND_848,Javier Pérez,1.7,1.9,B2,False,"Backend engineer con adaptabilidad especializado en APIs REST y microservicios. Experiencia con Kotlin, Azure y bases de datos SQL/NoSQL."
CAND_849,Lorena Campos,1.5,1.0,C2,True,"Mi enfoque como Site Reliability Engineer se centra en realidad aumentada, con experiencia en Swift, Redis y un fuerte compromiso con la calidad y negociación."
CAND_850,Carlos Sánchez,5.6,3.7,B1,True,Fullstack developer con resolución de problemas y 5.6 años construyendo soluciones end-to-end con GCP en frontend y Swift en backend.
CAND_851,Diego Santos,1.6,2.2,C2,True,"Como Technical Lead, he desarrollado una sólida experiencia en ciber seguridad, trabajando con GCP, Go y destacando por mi proactividad."
CAND_852,Mateo Rivas,2.9,3.2,B2,False,"Technical lead con 2.9 años liderando equipos en salud. Stack técnico: Express.js, SQL Server. Promueve adaptabilidad en el equipo."
CAND_853,Mariana López,3.3,2.9,A2,True,"DevOps engineer con creatividad y 3.3 años automatizando infraestructura. Stack: Rust, Vue, Docker, Kubernetes y CI/CD."
CAND_854,Adriana Martínez,4.8,7.5,C2,True,"Backend developer con experiencia en integración de servicios, colas de mensajería y despliegues cloud usando GCP, Vue y Docker."
CAND_855,Sebastián Vargas,1.2,3.6,C1,True,"Desarrollador fullstack con creatividad. Experiencia en frontend moderno (FastAPI), backend escalable (Angular) y cloud."
CAND_856,Diego Jiménez,3.9,1.9,B2,True,"Desarrollador mobile con negociación y experiencia en publicación de apps. Stack: Kotlin, Angular, CI/CD móvil."
CAND_857,Iván Iglesias,1.5,4.0,B2,False,"Frontend engineer apasionado por UX/UI con 1.5 años usando Django, Go y diseño responsive. Experiencia en plataformas SaaS."
CAND_858,Claudia Cruz,1.1,1.0,A2,False,"Backend developer con experiencia en integración de servicios, colas de mensajería y despliegues cloud usando Kafka, MongoDB y Docker."
CAND_859,Diego Torres,0.7,3.2,B2,False,"Desarrollador fullstack con liderazgo técnico. Experiencia en frontend moderno (SQL Server), backend escalable (Go) y cloud."
CAND_860,Samuel Cruz,3.0,1.6,B1,False,"DevOps engineer con liderazgo técnico y 3.0 años automatizando infraestructura. Stack: Docker, Next.js, Docker, Kubernetes y CI/CD."
CAND_861,Carlos Fernández,1.3,2.3,C2,False,"Machine Learning engineer con 1.3 años construyendo pipelines de datos y modelos predictivos para automatización empresarial. Usa FastAPI, Angular y Python."
CAND_862,Laura Herrera,2.3,2.9,A2,False,"Technical lead con 2.3 años liderando equipos en marketing digital. Stack técnico: TypeScript, GCP. Promueve resolución de problemas en el equipo."
CAND_863,Valentina Sánchez,4.3,2.9,B1,True,"Fullstack engineer apasionado por realidad aumentada. Trabaja con TypeScript, Express.js y bases de datos. Reconocido por su resolución de problemas."
CAND_864,David Rivas,2.0,4.5,B2,False,"Security engineer con colaboración. Experiencia en ciberseguridad, análisis de vulnerabilidades y DevSecOps con Go y TypeScript."
CAND_865,Sofía Martínez,1.2,2.1,B2,True,"Ingeniero de calidad con enfoque en inteligencia artificial. Implementa pruebas unitarias, de integración y E2E con Express.js y MySQL."
CAND_866,Ricardo Cruz,3.1,2.4,B1,True,"QA engineer con trabajo en equipo y 3.1 años en automatización de pruebas. Experiencia con GCP, AWS y frameworks de testing."
CAND_867,Valeria Pérez,2.2,1.0,A1,False,"DevOps engineer con adaptabilidad y 2.2 años automatizando infraestructura. Stack: React, Kubernetes, Docker, Kubernetes y CI/CD."
CAND_868,David Rivas,2.3,2.4,C1,True,"Desarrollador fullstack con liderazgo técnico. Experiencia en frontend moderno (FastAPI), backend escalable (Django) y cloud."
CAND_869,Luis Molina,0.9,1.2,A2,False,"Ingeniero de calidad con enfoque en realidad aumentada. Implementa pruebas unitarias, de integración y E2E con GCP y Angular."
CAND_870,Mateo Ortega,1.8,1.0,A2,False,"Backend engineer con gestión del tiempo especializado en APIs REST y microservicios. Experiencia con Rust, MongoDB y bases de datos SQL/NoSQL."
CAND_871,Isabella Peña,1.5,2.6,B1,True,"Como Data Scientist especializado en microservicios, aporto 1.5 años de experiencia, Redis, MySQL y negociación."
CAND_872,Sebastián Torres,2.8,3.6,B2,False,Ingeniero backend con 2.8 años construyendo sistemas escalables en logística. Manejo avanzado de Kubernetes y NestJS.
CAND_873,Ana Cabrera,3.0,4.9,C1,True,"A lo largo de mi carrera como Data Scientist he trabajado en proyectos de finanzas, utilizando tecnologías como Docker, MySQL y destacando por mi negociación."
CAND_874,Tomás López,0.2,1.5,C2,True,"Mi perfil como Data Engineer combina 0.2 años de experiencia, SQL Server, Docker y un fuerte enfoque en salud."
CAND_875,Manuela Ortega,3.1,4.6,C1,True,"Software engineer con experiencia en sistemas distribuidos y alta disponibilidad usando NestJS, MongoDB y prácticas DevOps."
CAND_876,Mateo Rodríguez,0.7,1.2,C1,True,"Ingeniero de calidad con enfoque en salud. Implementa pruebas unitarias, de integración y E2E con Azure y React."
CAND_877,Mateo Silva,3.8,5.1,B2,True,"Mi enfoque como Mobile Developer se centra en educación, con experiencia en MongoDB, Docker y un fuerte compromiso con la calidad y resolución de problemas."
CAND_878,Javier Herrera,7.8,6.3,C1,False,"Ingeniero de calidad con enfoque en tecnología financiera. Implementa pruebas unitarias, de integración y E2E con JavaScript y FastAPI."
CAND_879,Lucía Ramírez,6.3,6.1,A1,False,Fullstack developer con adaptabilidad y 6.3 años construyendo soluciones end-to-end con PostgreSQL en frontend y GCP en backend.
CAND_880,Rocío Delgado,1.1,3.6,B1,True,"Fullstack engineer apasionado por blockchain. Trabaja con Next.js, Java y bases de datos. Reconocido por su adaptabilidad."
CAND_881,Elena Peña,1.6,1.5,B1,True,"Como Technical Lead, combino 1.6 años de experiencia con Flask, PostgreSQL para ofrecer soluciones innovadoras en finanzas."
CAND_882,Claudia Ramírez,4.5,6.3,B1,False,"Desarrollador mobile con liderazgo técnico y experiencia en publicación de apps. Stack: MySQL, FastAPI, CI/CD móvil."
CAND_883,Paula Fuentes,0.8,1.0,B2,True,"DevOps engineer con adaptabilidad y 0.8 años automatizando infraestructura. Stack: Express.js, Redis, Docker, Kubernetes y CI/CD."
CAND_884,Tomás García,4.8,4.1,B1,False,Mobile developer con 4.8 años creando apps nativas y multiplataforma con C# y Docker. Orientado a inteligencia artificial.
CAND_885,Rocío López,6.8,6.1,B2,True,"Machine Learning engineer con 6.8 años construyendo pipelines de datos y modelos predictivos para e-commerce. Usa FastAPI, NestJS y Python."
CAND_886,Verónica Flores,0.6,1.0,B1,True,"Software engineer con experiencia en sistemas distribuidos y alta disponibilidad usando Java, Vue y prácticas DevOps."
CAND_887,Lorena Paredes,1.2,1.0,B2,False,"QA engineer con resolución de problemas y 1.2 años en automatización de pruebas. Experiencia con Vue, TypeScript y frameworks de testing."
CAND_888,Sofía Herrera,2.1,2.6,B1,True,"Software engineer con experiencia en sistemas distribuidos y alta disponibilidad usando Vue, FastAPI y prácticas DevOps."
CAND_889,Alejandro Gómez,0.6,1.0,B1,True,"Technical lead con 0.6 años liderando equipos en finanzas. Stack técnico: Python, Vue. Promueve comunicación efectiva en el equipo."
CAND_890,Luis Pérez,1.7,1.4,A2,True,Ingeniero backend con 1.7 años construyendo sistemas escalables en microservicios. Manejo avanzado de Django y MongoDB.
CAND_891,Julián Ortega,1.7,4.0,B1,True,"Machine Learning engineer con 1.7 años construyendo pipelines de datos y modelos predictivos para realidad aumentada. Usa Kafka, Flask y Python."
CAND_892,Ricardo Ramírez,1.0,1.0,C1,True,"Como Site Reliability Engineer especializado en automatización empresarial, aporto 1.0 años de experiencia, SQL Server, Angular y creatividad."
CAND_893,Fernanda Ortega,4.8,3.7,B2,True,"Especializado en automatización empresarial, mi experiencia como Solutions Architect abarca Rust, MySQL y un sólido historial de trabajo en equipo."
CAND_894,Juan Pérez,1.8,4.8,B2,True,"Mi enfoque como Mobile Developer se centra en blockchain, con experiencia en Python, AWS y un fuerte compromiso con la calidad y liderazgo técnico."
CAND_895,Verónica Cortés,2.4,2.9,C1,True,Fullstack developer con trabajo en equipo y 2.4 años construyendo soluciones end-to-end con NestJS en frontend y TypeScript en backend.
CAND_896,Samuel Aguilar,1.4,4.0,B1,False,Ingeniero backend con 1.4 años construyendo sistemas escalables en tecnología financiera. Manejo avanzado de NestJS y MongoDB.
CAND_897,Lucía Guerrero,0.5,3.4,A2,False,"Frontend developer con negociación especializado en Azure y ecosistema GCP. Crea interfaces modernas, accesibles y con buen rendimiento."
CAND_898,Julián Peña,1.1,3.3,B2,False,"Mi perfil como Backend Engineer combina 1.1 años de experiencia, Azure, TypeScript y un fuerte enfoque en internet de las cosas."
CAND_899,Paula Jiménez,3.4,6.0,B1,True,"Desarrollador polivalente con creatividad. Experiencia en todo el ciclo de vida del software con Next.js, PostgreSQL y entrega continua."
CAND_900,Fernanda Ortega,1.0,3.1,C1,True,"Backend developer con experiencia en integración de servicios, colas de mensajería y despliegues cloud usando SQL Server, Vue y Docker."
CAND_901,Miguel Gómez,2.5,4.7,B2,True,"Data engineer especializado en pipelines ETL, data lakes y procesamiento en tiempo real con Kubernetes, Redis y Spark."
CAND_902,Samuel Ramírez,2.8,5.1,C1,True,"Machine Learning engineer con 2.8 años construyendo pipelines de datos y modelos predictivos para educación. Usa MongoDB, NestJS y Python."
CAND_903,Nicolás Iglesias,8.8,10.0,A2,False,"Como Frontend Developer especializado en inteligencia artificial, aporto 8.8 años de experiencia, MySQL, Go y comunicación efectiva."
CAND_904,Claudia Iglesias,1.6,1.0,B2,True,"Como Technical Lead, combino 1.6 años de experiencia con GCP, Docker para ofrecer soluciones innovadoras en tecnología financiera."
CAND_905,Carlos Silva,7.8,8.8,C1,True,"Desarrollador mobile con liderazgo técnico y experiencia en publicación de apps. Stack: React, Angular, CI/CD móvil."
CAND_906,Fernanda Flores,2.1,1.0,C2,True,"Desarrollador fullstack con negociación. Experiencia en frontend moderno (React), backend escalable (Vue) y cloud."
CAND_907,Martín Delgado,2.2,3.2,C2,True,"DevOps engineer con proactividad y 2.2 años automatizando infraestructura. Stack: C#, Flask, Docker, Kubernetes y CI/CD."
CAND_908,Catalina Sánchez,0.5,2.0,C2,False,"Ingeniero de calidad con enfoque en tecnología financiera. Implementa pruebas unitarias, de integración y E2E con Rust y Kubernetes."
CAND_909,Rocío Pérez,1.7,3.9,C1,True,"Como Data Engineer, he desarrollado una sólida experiencia en e-commerce, trabajando con NestJS, Express.js y destacando por mi proactividad."
CAND_910,Laura Guerrero,2.0,4.3,C1,False,Mobile developer con 2.0 años creando apps nativas y multiplataforma con FastAPI y Kotlin. Orientado a big data.
CAND_911,Lorena Sánchez,2.6,1.5,A1,True,"Desarrollador frontend con negociación. Domina Docker, AWS y testing de componentes. Enfoque en accesibilidad y rendimiento."
CAND_912,Lorena Vargas,2.7,1.6,B2,True,"Data scientist con creatividad. Experiencia en logística análisis de datos, feature engineering y despliegue de modelos con PostgreSQL y Go."
CAND_913,Julia Ramírez,5.7,4.2,C1,True,"Technical lead con 5.7 años liderando equipos en automatización empresarial. Stack técnico: Express.js, Angular. Promueve liderazgo técnico en el equipo."
CAND_914,Lorena Torres,1.4,2.4,A1,True,"Security engineer con negociación. Experiencia en ciberseguridad, análisis de vulnerabilidades y DevSecOps con PostgreSQL y NestJS."
CAND_915,María Gómez,1.3,1.0,B1,True,"Desarrollador mobile con resolución de problemas y experiencia en publicación de apps. Stack: SQL Server, Go, CI/CD móvil."
CAND_916,Claudia Santos,1.5,3.4,B2,True,"Como Backend Developer, combino 1.5 años de experiencia con Kotlin, MySQL para ofrecer soluciones innovadoras en internet de las cosas."
CAND_917,Laura Jiménez,3.6,4.0,B2,False,"Data engineer especializado en pipelines ETL, data lakes y procesamiento en tiempo real con Java, Kubernetes y Spark."
CAND_918,Javier Acosta,3.9,6.8,B1,True,"Site Reliability Engineer con experiencia en big data. Garantiza disponibilidad y rendimiento usando C#, Kotlin y monitoreo avanzado."
CAND_919,Sebastián Guerrero,2.2,2.5,B2,True,"Site Reliability Engineer con experiencia en e-commerce. Garantiza disponibilidad y rendimiento usando C#, SQL Server y monitoreo avanzado."
CAND_920,María Iglesias,1.4,2.8,B2,True,"Como QA Engineer, combino 1.4 años de experiencia con Go, PostgreSQL para ofrecer soluciones innovadoras en blockchain."
CAND_921,Verónica Molina,0.1,2.3,B2,True,"Fullstack engineer apasionado por retail. Trabaja con TypeScript, Swift y bases de datos. Reconocido por su adaptabilidad."
CAND_922,Natalia Rivas,0.2,1.9,A1,True,"Security engineer con pensamiento crítico. Experiencia en ciberseguridad, análisis de vulnerabilidades y DevSecOps con PostgreSQL y Kotlin."
CAND_923,Claudia Mendoza,0.2,1.0,B1,False,Ingeniero backend con 0.2 años construyendo sistemas escalables en marketing digital. Manejo avanzado de Kubernetes y React.
CAND_924,Adriana Peña,2.9,2.3,B2,False,"Especialista en seguridad informática para inteligencia artificial. Implementa políticas de seguridad, pentesting y monitoreo con Go."
CAND_925,Mariana Flores,0.8,1.7,B1,True,"Security engineer con pensamiento crítico. Experiencia en ciberseguridad, análisis de vulnerabilidades y DevSecOps con Docker y Flask."
CAND_926,Natalia Silva,0.4,2.8,B1,True,"Como Backend Engineer, he desarrollado una sólida experiencia en retail, trabajando con Svelte, SQL Server y destacando por mi colaboración."
CAND_927,Miguel Acosta,2.0,1.0,C1,True,"Ingeniero de software con negociación y 2.0 años en realidad aumentada. Maneja MySQL, NestJS y metodologías ágiles. Mentor de equipos técnicos."
CAND_928,Diego Molina,0.0,1.0,C2,False,"Especializado en inteligencia artificial, mi experiencia como Technical Lead abarca Java, Docker y un sólido historial de adaptabilidad."
CAND_929,Felipe Rivas,1.5,3.9,B2,False,"Ingeniero de software con liderazgo técnico y 1.5 años en e-commerce. Maneja Kotlin, Docker y metodologías ágiles. Mentor de equipos técnicos."
CAND_930,Isabella Rivas,1.1,1.2,B2,False,"Technical lead con 1.1 años liderando equipos en finanzas. Stack técnico: Vue, Next.js. Promueve adaptabilidad en el equipo."
CAND_931,Sara Torres,1.5,1.5,C2,False,"A lo largo de mi carrera como Solutions Architect he trabajado en proyectos de retail, utilizando tecnologías como Azure, GCP y destacando por mi liderazgo técnico."
CAND_932,María García,2.8,2.8,A2,False,"Data engineer especializado en pipelines ETL, data lakes y procesamiento en tiempo real con Angular, Kafka y Spark."
CAND_933,Valeria López,1.5,2.5,B2,False,"Software engineer con experiencia en sistemas distribuidos y alta disponibilidad usando Express.js, Svelte y prácticas DevOps."
CAND_934,Hugo Morales,1.9,1.0,A2,True,"A lo largo de mi carrera como Technical Lead he trabajado en proyectos de salud, utilizando tecnologías como FastAPI, Swift y destacando por mi colaboración."
CAND_935,Paula Fernández,1.8,2.6,B1,True,"Mi enfoque como Machine Learning Engineer se centra en plataformas SaaS, con experiencia en Kubernetes, Vue y un fuerte compromiso con la calidad y liderazgo técnico."
CAND_936,Carlos Cabrera,1.1,3.5,B1,True,"Como DevOps Engineer especializado en microservicios, aporto 1.1 años de experiencia, C#, Flask y liderazgo técnico."
CAND_937,Mateo Reyes,2.8,2.3,C2,True,"Frontend developer con negociación especializado en C# y ecosistema Express.js. Crea interfaces modernas, accesibles y con buen rendimiento."
CAND_938,Julia Rojas,0.8,1.0,B1,True,"Cloud engineer certificado en AWS/Azure. Diseña arquitecturas escalables con Redis, Docker y Terraform."
CAND_939,Kevin Silva,1.6,1.0,B2,True,"Como Data Engineer, combino 1.6 años de experiencia con NestJS, Kafka para ofrecer soluciones innovadoras en salud."
CAND_940,Ana Herrera,0.1,2.8,B1,True,"Mi enfoque como Backend Developer se centra en microservicios, con experiencia en GCP, Docker y un fuerte compromiso con la calidad y colaboración."
CAND_941,Lorena Guerrero,1.4,1.0,A2,False,"Desarrollador Data Engineer con 1.4 años de experiencia en big data. Stack principal: Java, Svelte, Python. Destaca por creatividad."
CAND_942,Paula Cruz,1.9,1.0,B1,False,"Ingeniero de software con creatividad y 1.9 años en salud. Maneja Rust, Kubernetes y metodologías ágiles. Mentor de equipos técnicos."
CAND_943,Sebastián Aguilar,2.5,1.5,B2,False,"Backend developer con experiencia en integración de servicios, colas de mensajería y despliegues cloud usando TypeScript, Express.js y Docker."
CAND_944,María Pérez,1.6,2.2,B2,False,"Fullstack engineer apasionado por retail. Trabaja con Rust, SQL Server y bases de datos. Reconocido por su trabajo en equipo."
CAND_945,Hugo Medina,0.3,3.3,C1,False,"Desarrollador polivalente con creatividad. Experiencia en todo el ciclo de vida del software con Angular, Redis y entrega continua."
CAND_946,Iván Ruiz,0.1,1.0,B1,True,"Backend developer con experiencia en integración de servicios, colas de mensajería y despliegues cloud usando Kubernetes, PostgreSQL y Docker."
CAND_947,Laura Acosta,1.3,1.0,B1,False,Fullstack developer con empatía y 1.3 años construyendo soluciones end-to-end con Angular en frontend y SQL Server en backend.
CAND_948,Camila García,0.5,1.0,B2,True,"Como Data Engineer especializado en logística, aporto 0.5 años de experiencia, Flask, Kotlin y liderazgo técnico."
CAND_949,Mateo Cruz,4.3,4.4,A2,True,"Mi enfoque como Product Manager se centra en realidad aumentada, con experiencia en Kafka, JavaScript y un fuerte compromiso con la calidad y adaptabilidad."
CAND_950,Lucía Silva,1.4,3.4,B2,True,"Security engineer con pensamiento crítico. Experiencia en ciberseguridad, análisis de vulnerabilidades y DevSecOps con Rust y PostgreSQL."
CAND_951,Kevin Gómez,1.2,1.0,B1,False,"Data engineer especializado en pipelines ETL, data lakes y procesamiento en tiempo real con FastAPI, Rust y Spark."
CAND_952,Miguel Campos,6.5,8.0,C1,True,"Ingeniero de calidad con enfoque en finanzas. Implementa pruebas unitarias, de integración y E2E con Docker y Flask."
CAND_953,Emilio Paredes,0.4,1.4,B2,True,"A lo largo de mi carrera como Backend Developer he trabajado en proyectos de tecnología financiera, utilizando tecnologías como MySQL, NestJS y destacando por mi liderazgo técnico."
CAND_954,Alejandro Iglesias,3.1,4.8,C1,True,"Data scientist con trabajo en equipo. Experiencia en marketing digital análisis de datos, feature engineering y despliegue de modelos con Azure y Django."
CAND_955,Catalina Santos,0.0,2.6,C1,True,"Frontend engineer apasionado por UX/UI con 0.0 años usando Express.js, MySQL y diseño responsive. Experiencia en retail."
CAND_956,Hugo Reyes,5.6,7.6,C1,True,"Especializado en marketing digital, mi experiencia como QA Engineer abarca Rust, GCP y un sólido historial de gestión del tiempo."
CAND_957,Pablo Mendoza,0.6,2.2,C2,True,"QA engineer con pensamiento crítico y 0.6 años en automatización de pruebas. Experiencia con MongoDB, Kubernetes y frameworks de testing."
CAND_958,Mateo Pérez,6.7,9.3,B2,True,"QA engineer con pensamiento crítico y 6.7 años en automatización de pruebas. Experiencia con Python, Django y frameworks de testing."
CAND_959,Daniela Sánchez,1.5,1.0,C2,True,"Como Solutions Architect, combino 1.5 años de experiencia con React, Java para ofrecer soluciones innovadoras en big data."
CAND_960,Pedro Cabrera,0.5,2.7,B2,True,"DevOps engineer con trabajo en equipo y 0.5 años automatizando infraestructura. Stack: PostgreSQL, TypeScript, Docker, Kubernetes y CI/CD."
CAND_961,Kevin Rodríguez,1.6,1.0,B1,False,"Mi perfil como Security Engineer combina 1.6 años de experiencia, Express.js, Python y un fuerte enfoque en e-commerce."
CAND_962,María Rivas,1.1,2.2,B2,True,"Site Reliability Engineer con experiencia en inteligencia artificial. Garantiza disponibilidad y rendimiento usando Swift, MongoDB y monitoreo avanzado."
CAND_963,Elena López,1.6,4.1,A2,True,"Desarrollador mobile con pensamiento crítico y experiencia en publicación de apps. Stack: MySQL, AWS, CI/CD móvil."
CAND_964,Alejandro López,5.6,5.9,C1,False,"Desarrollador polivalente con gestión del tiempo. Experiencia en todo el ciclo de vida del software con Next.js, Python y entrega continua."
CAND_965,Elena Rivas,2.4,3.9,C1,False,"Ingeniero de calidad con enfoque en plataformas SaaS. Implementa pruebas unitarias, de integración y E2E con Svelte y Kafka."
CAND_966,Samuel Rodríguez,2.7,2.8,B2,True,"DevOps engineer con liderazgo técnico y 2.7 años automatizando infraestructura. Stack: AWS, Go, Docker, Kubernetes y CI/CD."
CAND_967,Rocío García,7.0,8.8,B2,True,"Como Solutions Architect, he desarrollado una sólida experiencia en plataformas SaaS, trabajando con JavaScript, Next.js y destacando por mi negociación."
CAND_968,Mariana Castro,4.7,6.4,C1,False,"Especializado en big data, mi experiencia como QA Engineer abarca Kotlin, TypeScript y un sólido historial de comunicación efectiva."
CAND_969,María Campos,0.3,1.0,A2,True,"Como Product Manager especializado en tecnología financiera, aporto 0.3 años de experiencia, Svelte, Django y pensamiento crítico."
CAND_970,Julián Gómez,3.5,5.2,B2,True,"Desarrollador frontend con empatía. Domina TypeScript, MySQL y testing de componentes. Enfoque en accesibilidad y rendimiento."
CAND_971,Mariana Medina,3.1,2.7,B2,True,"Mi perfil como Machine Learning Engineer combina 3.1 años de experiencia, GCP, Django y un fuerte enfoque en salud."
CAND_972,Javier Mendoza,2.3,1.0,B2,True,Mobile developer con 2.3 años creando apps nativas y multiplataforma con Go y Rust. Orientado a ciber seguridad.
CAND_973,Samuel Ruiz,0.4,1.0,B2,False,"Security engineer con colaboración. Experiencia en ciberseguridad, análisis de vulnerabilidades y DevSecOps con NestJS y C#."
CAND_974,Adriana Fernández,3.1,3.7,B2,True,"Backend developer con experiencia en integración de servicios, colas de mensajería y despliegues cloud usando Docker, Java y Docker."
CAND_975,Paula Cortés,4.6,4.1,C1,True,"Desarrollador DevOps Engineer con 4.6 años de experiencia en finanzas. Stack principal: Docker, C#, Python. Destaca por proactividad."
CAND_976,Daniela Vargas,2.1,1.4,B1,True,"Mi enfoque como Product Manager se centra en plataformas SaaS, con experiencia en Redis, Angular y un fuerte compromiso con la calidad y empatía."
CAND_977,Camila Peña,2.7,4.6,B2,True,"DevOps engineer con gestión del tiempo y 2.7 años automatizando infraestructura. Stack: Svelte, Docker, Docker, Kubernetes y CI/CD."
CAND_978,Diego Vargas,0.7,1.3,B1,True,"Frontend engineer apasionado por UX/UI con 0.7 años usando Swift, Django y diseño responsive. Experiencia en finanzas."
CAND_979,Lorena Martínez,1.8,4.5,A2,False,"Como Mobile Developer especializado en salud, aporto 1.8 años de experiencia, PostgreSQL, Python y gestión del tiempo."
CAND_980,Felipe Peña,0.5,2.2,B1,False,"DevOps engineer con comunicación efectiva y 0.5 años automatizando infraestructura. Stack: Kafka, Django, Docker, Kubernetes y CI/CD."
CAND_981,Valentina López,0.4,2.8,B1,False,"Especializado en realidad aumentada, mi experiencia como Site Reliability Engineer abarca AWS, Azure y un sólido historial de liderazgo técnico."
CAND_982,Sebastián Torres,4.7,5.6,B1,True,"Como Python Developer especializado en marketing digital, aporto 4.7 años de experiencia, NestJS, MySQL y trabajo en equipo."
CAND_983,Hugo Gómez,1.8,3.9,C1,False,"Backend engineer con colaboración especializado en APIs REST y microservicios. Experiencia con Express.js, Go y bases de datos SQL/NoSQL."
CAND_984,Kevin Torres,3.5,5.6,A2,False,"Ingeniero de calidad con enfoque en e-commerce. Implementa pruebas unitarias, de integración y E2E con Rust y Vue."
CAND_985,Kevin Cortés,0.7,1.1,B1,True,Mobile developer con 0.7 años creando apps nativas y multiplataforma con Python y Flask. Orientado a realidad aumentada.
CAND_986,Martín Torres,4.0,5.6,A1,True,"Desarrollador mobile con trabajo en equipo y experiencia en publicación de apps. Stack: Express.js, Docker, CI/CD móvil."
CAND_987,Javier Delgado,3.8,6.6,B1,True,"Desarrollador fullstack con liderazgo técnico. Experiencia en frontend moderno (Rust), backend escalable (C#) y cloud."
CAND_988,Sofía Ruiz,8.7,10.0,C1,True,"Desarrollador Solutions Architect con 8.7 años de experiencia en ciber seguridad. Stack principal: Python, JavaScript, Python. Destaca por pensamiento crítico."
CAND_989,Daniela Peña,1.5,4.4,A2,True,"Especialista en seguridad informática para internet de las cosas. Implementa políticas de seguridad, pentesting y monitoreo con AWS."
CAND_990,Ana Aguilar,1.4,2.7,B2,True,"Technical lead con 1.4 años liderando equipos en inteligencia artificial. Stack técnico: Svelte, Redis. Promueve gestión del tiempo en el equipo."
CAND_991,Ricardo Castro,1.4,1.0,A2,False,"Data engineer especializado en pipelines ETL, data lakes y procesamiento en tiempo real con FastAPI, SQL Server y Spark."
CAND_992,Sebastián Peña,0.8,1.2,C1,False,"Data scientist con pensamiento crítico. Experiencia en e-commerce análisis de datos, feature engineering y despliegue de modelos con C# y FastAPI."
CAND_993,Lucía Acosta,3.1,5.0,B1,True,"Backend developer con experiencia en integración de servicios, colas de mensajería y despliegues cloud usando C#, GCP y Docker."
CAND_994,Manuela Herrera,1.4,3.4,B2,True,"Frontend engineer apasionado por UX/UI con 1.4 años usando TypeScript, Kotlin y diseño responsive. Experiencia en logística."
CAND_995,Claudia Iglesias,0.6,1.0,B2,False,"Desarrollador frontend con empatía. Domina GCP, Java y testing de componentes. Enfoque en accesibilidad y rendimiento."
CAND_996,Lucía Castro,8.2,8.0,B1,True,"Technical lead con 8.2 años liderando equipos en big data. Stack técnico: JavaScript, Swift. Promueve colaboración en el equipo."
CAND_997,Laura Morales,1.4,1.0,B2,True,"Frontend engineer apasionado por UX/UI con 1.4 años usando Docker, Kubernetes y diseño responsive. Experiencia en realidad aumentada."
CAND_998,Juan Rivas,2.6,3.3,C2,True,"Desarrollador Data Scientist con 2.6 años de experiencia en big data. Stack principal: Svelte, JavaScript, Python. Destaca por comunicación efectiva."
CAND_999,Nicolás Guerrero,6.7,5.6,B1,True,"QA engineer con adaptabilidad y 6.7 años en automatización de pruebas. Experiencia con Django, NestJS y frameworks de testing."
CAND_1000,Pablo Medina,0.2,2.9,C1,False,Ingeniero backend con 0.2 años construyendo sistemas escalables en marketing digital. Manejo avanzado de Java y FastAPI.
